item_id,zone_id,lot_id,quantity_on_hand,received_date,expiry_date
SKU-001,Z2,LOT-001-A,1240,2026-09-09,2027-09-09
SKU-002,Z3,LOT-002-A,170,2026-09-16,2027-03-15
SKU-003,Z3,LOT-003-A,718,2026-09-26,2026-10-10
SKU-004,Z2,LOT-004-A,1207,2026-09-30,2027-09-30
SKU-005,Z2,LOT-005-A,610,2026-07-15,2027-07-15
SKU-006,Z4,LOT-006-A,21,2026-09-02,2028-09-01
SKU-007,Z4,LOT-007-A,34,2026-09-23,2029-09-22
SKU-008,Z4,LOT-008-A,34,2026-09-16,2028-09-15
SKU-009,Z4,LOT-009-A,27,2026-09-23,2027-03-22
SKU-010,Z2,LOT-010-A,25,2026-09-30,2028-09-29
SKU-011,Z2,LOT-011-A,630,2026-09-23,2027-09-23
SKU-012,Z1,LOT-012-A,22,2026-09-09,
SKU-013,Z1,LOT-013-A,20,2026-09-23,
SKU-014,Z1,LOT-014-A,78,2026-09-09,
SKU-015,Z1,LOT-015-A,30,2026-08-26,
SKU-016,Z1,LOT-016-A,33,2026-09-23,
SKU-017,Z1,LOT-017-A,94,2026-09-02,
SKU-018,Z1,LOT-018-A,128,2026-09-30,
SKU-019,Z1,LOT-019-A,40,2026-09-30,
SKU-020,Z1,LOT-020-A,90,2026-09-02,
SKU-021,Z1,LOT-021-A,32,2026-07-22,
SKU-022,Z1,LOT-022-A,61,2026-07-15,
SKU-023,Z5,LOT-023-A,252,2026-08-12,
SKU-024,Z5,LOT-024-A,104,2026-09-30,
