po_id,item_id,supplier_id,quantity,order_date,expected_arrival,status
PO-002-260914,SKU-002,SUP-01,1100,2026-09-14,2026-10-21,DELAYED_BY_SUPPLIER
PO-006-260921,SKU-006,SUP-03,61,2026-09-21,2026-10-07,OPEN
PO-007-260928,SKU-007,SUP-03,52,2026-09-28,2026-10-14,OPEN
PO-012-260928,SKU-012,SUP-05,35,2026-09-28,2026-10-14,OPEN
PO-014-260921,SKU-014,SUP-05,198,2026-09-21,2026-10-07,OPEN
PO-015-260928,SKU-015,SUP-05,39,2026-09-28,2026-10-14,OPEN
PO-017-260928,SKU-017,SUP-06,242,2026-09-28,2026-10-14,OPEN
PO-019-260921,SKU-019,SUP-06,132,2026-09-21,2026-10-07,OPEN
PO-019-260928,SKU-019,SUP-06,132,2026-09-28,2026-10-14,OPEN
PO-020-260921,SKU-020,SUP-06,352,2026-09-21,2026-10-07,OPEN
