movement_id,date,item_id,movement_type,quantity,reference
MV-00001,2025-10-08,SKU-004,OUT,216,SALES/ISSUE
MV-00002,2025-10-08,SKU-012,OUT,8,SALES/ISSUE
MV-00003,2025-10-08,SKU-014,OUT,47,SALES/ISSUE
MV-00004,2025-10-08,SKU-020,OUT,93,SALES/ISSUE
MV-00005,2025-10-08,SKU-022,OUT,1,SALES/ISSUE
MV-00006,2025-10-09,SKU-002,OUT,471,SALES/ISSUE
MV-00007,2025-10-09,SKU-005,OUT,24,SALES/ISSUE
MV-00008,2025-10-09,SKU-006,OUT,26,SALES/ISSUE
MV-00009,2025-10-09,SKU-007,OUT,9,SALES/ISSUE
MV-00010,2025-10-09,SKU-009,OUT,7,SALES/ISSUE
MV-00011,2025-10-09,SKU-018,OUT,11,SALES/ISSUE
MV-00012,2025-10-09,SKU-019,OUT,20,SALES/ISSUE
MV-00013,2025-10-09,SKU-021,OUT,1,SALES/ISSUE
MV-00014,2025-10-10,SKU-001,OUT,1119,SALES/ISSUE
MV-00015,2025-10-10,SKU-010,OUT,6,SALES/ISSUE
MV-00016,2025-10-11,SKU-003,OUT,142,SALES/ISSUE
MV-00017,2025-10-11,SKU-008,OUT,10,SALES/ISSUE
MV-00018,2025-10-11,SKU-011,OUT,227,SALES/ISSUE
MV-00019,2025-10-11,SKU-013,OUT,6,SALES/ISSUE
MV-00020,2025-10-11,SKU-015,OUT,5,SALES/ISSUE
MV-00021,2025-10-11,SKU-016,OUT,8,SALES/ISSUE
MV-00022,2025-10-11,SKU-017,OUT,105,SALES/ISSUE
MV-00023,2025-10-11,SKU-023,OUT,10,SALES/ISSUE
MV-00024,2025-10-11,SKU-024,OUT,18,SALES/ISSUE
MV-00025,2025-10-14,SKU-001,IN,2640,PO-001-251006
MV-00026,2025-10-15,SKU-001,OUT,1177,SALES/ISSUE
MV-00027,2025-10-15,SKU-003,IN,132,PO-003-251006
MV-00028,2025-10-15,SKU-003,OUT,118,SALES/ISSUE
MV-00029,2025-10-15,SKU-004,OUT,285,SALES/ISSUE
MV-00030,2025-10-15,SKU-005,OUT,26,SALES/ISSUE
MV-00031,2025-10-15,SKU-008,OUT,10,SALES/ISSUE
MV-00032,2025-10-15,SKU-010,OUT,5,SALES/ISSUE
MV-00033,2025-10-15,SKU-011,OUT,228,SALES/ISSUE
MV-00034,2025-10-15,SKU-012,OUT,8,SALES/ISSUE
MV-00035,2025-10-16,SKU-014,OUT,39,SALES/ISSUE
MV-00036,2025-10-16,SKU-020,OUT,81,SALES/ISSUE
MV-00037,2025-10-16,SKU-022,OUT,2,SALES/ISSUE
MV-00038,2025-10-17,SKU-006,OUT,26,SALES/ISSUE
MV-00039,2025-10-17,SKU-009,OUT,5,SALES/ISSUE
MV-00040,2025-10-17,SKU-015,OUT,6,SALES/ISSUE
MV-00041,2025-10-17,SKU-018,OUT,14,SALES/ISSUE
MV-00042,2025-10-18,SKU-002,OUT,503,SALES/ISSUE
MV-00043,2025-10-18,SKU-007,OUT,12,SALES/ISSUE
MV-00044,2025-10-18,SKU-013,OUT,6,SALES/ISSUE
MV-00045,2025-10-18,SKU-016,OUT,8,SALES/ISSUE
MV-00046,2025-10-18,SKU-017,OUT,100,SALES/ISSUE
MV-00047,2025-10-18,SKU-019,OUT,29,SALES/ISSUE
MV-00048,2025-10-18,SKU-023,OUT,13,SALES/ISSUE
MV-00049,2025-10-18,SKU-024,OUT,21,SALES/ISSUE
MV-00050,2025-10-20,SKU-002,IN,1100,PO-002-251013
MV-00051,2025-10-20,SKU-004,IN,1100,PO-004-251013
MV-00052,2025-10-20,SKU-008,IN,44,PO-008-251006
MV-00053,2025-10-20,SKU-011,IN,726,PO-011-251013
MV-00054,2025-10-20,SKU-012,IN,35,PO-012-251006
MV-00055,2025-10-20,SKU-016,IN,35,PO-016-251006
MV-00056,2025-10-20,SKU-017,IN,242,PO-017-251006
MV-00057,2025-10-20,SKU-020,IN,352,PO-020-251006
MV-00058,2025-10-21,SKU-003,IN,132,PO-003-251013
MV-00059,2025-10-21,SKU-006,IN,61,PO-006-251006
MV-00060,2025-10-21,SKU-010,IN,22,PO-010-251006
MV-00061,2025-10-22,SKU-003,OUT,138,SALES/ISSUE
MV-00062,2025-10-22,SKU-006,OUT,29,SALES/ISSUE
MV-00063,2025-10-22,SKU-009,IN,26,PO-009-251006
MV-00064,2025-10-22,SKU-012,OUT,8,SALES/ISSUE
MV-00065,2025-10-22,SKU-013,IN,26,PO-013-251006
MV-00066,2025-10-22,SKU-014,IN,198,PO-014-251006
MV-00067,2025-10-22,SKU-015,OUT,5,SALES/ISSUE
MV-00068,2025-10-22,SKU-023,OUT,12,SALES/ISSUE
MV-00069,2025-10-22,SKU-024,OUT,12,SALES/ISSUE
MV-00070,2025-10-23,SKU-002,OUT,531,SALES/ISSUE
MV-00071,2025-10-23,SKU-018,OUT,16,SALES/ISSUE
MV-00072,2025-10-23,SKU-019,OUT,28,SALES/ISSUE
MV-00073,2025-10-23,SKU-022,OUT,3,SALES/ISSUE
MV-00074,2025-10-24,SKU-001,OUT,827,SALES/ISSUE
MV-00075,2025-10-24,SKU-004,OUT,264,SALES/ISSUE
MV-00076,2025-10-24,SKU-009,OUT,5,SALES/ISSUE
MV-00077,2025-10-24,SKU-011,OUT,168,SALES/ISSUE
MV-00078,2025-10-24,SKU-013,OUT,3,SALES/ISSUE
MV-00079,2025-10-25,SKU-005,OUT,21,SALES/ISSUE
MV-00080,2025-10-25,SKU-007,OUT,10,SALES/ISSUE
MV-00081,2025-10-25,SKU-008,OUT,7,SALES/ISSUE
MV-00082,2025-10-25,SKU-010,OUT,5,SALES/ISSUE
MV-00083,2025-10-25,SKU-014,OUT,37,SALES/ISSUE
MV-00084,2025-10-25,SKU-016,OUT,9,SALES/ISSUE
MV-00085,2025-10-25,SKU-017,OUT,104,SALES/ISSUE
MV-00086,2025-10-25,SKU-020,OUT,76,SALES/ISSUE
MV-00087,2025-10-27,SKU-023,IN,79,PO-023-251013
MV-00088,2025-10-27,SKU-024,IN,88,PO-024-251013
MV-00089,2025-10-28,SKU-007,IN,52,PO-007-251013
MV-00090,2025-10-28,SKU-015,IN,39,PO-015-251013
MV-00091,2025-10-28,SKU-019,IN,132,PO-019-251013
MV-00092,2025-10-28,SKU-021,IN,8,PO-021-251006
MV-00093,2025-10-28,SKU-022,IN,17,PO-022-251013
MV-00094,2025-10-29,SKU-003,IN,132,PO-003-251020
MV-00095,2025-10-29,SKU-004,OUT,277,SALES/ISSUE
MV-00096,2025-10-29,SKU-005,IN,165,PO-005-251013
MV-00097,2025-10-29,SKU-008,OUT,8,SALES/ISSUE
MV-00098,2025-10-29,SKU-010,OUT,3,SALES/ISSUE
MV-00099,2025-10-29,SKU-017,OUT,94,SALES/ISSUE
MV-00100,2025-10-29,SKU-023,OUT,12,SALES/ISSUE
MV-00101,2025-10-30,SKU-002,OUT,501,SALES/ISSUE
MV-00102,2025-10-30,SKU-003,OUT,114,SALES/ISSUE
MV-00103,2025-10-30,SKU-005,OUT,29,SALES/ISSUE
MV-00104,2025-10-30,SKU-006,OUT,24,SALES/ISSUE
MV-00105,2025-10-30,SKU-007,OUT,10,SALES/ISSUE
MV-00106,2025-10-30,SKU-012,OUT,8,SALES/ISSUE
MV-00107,2025-10-30,SKU-016,OUT,8,SALES/ISSUE
MV-00108,2025-10-31,SKU-001,OUT,911,SALES/ISSUE
MV-00109,2025-10-31,SKU-011,OUT,237,SALES/ISSUE
MV-00110,2025-10-31,SKU-013,OUT,5,SALES/ISSUE
MV-00111,2025-10-31,SKU-018,OUT,18,SALES/ISSUE
MV-00112,2025-10-31,SKU-019,OUT,34,SALES/ISSUE
MV-00113,2025-10-31,SKU-020,OUT,82,SALES/ISSUE
MV-00114,2025-10-31,SKU-024,OUT,12,SALES/ISSUE
MV-00115,2025-11-01,SKU-009,OUT,6,SALES/ISSUE
MV-00116,2025-11-01,SKU-014,OUT,52,SALES/ISSUE
MV-00117,2025-11-01,SKU-015,OUT,7,SALES/ISSUE
MV-00118,2025-11-03,SKU-002,IN,1100,PO-002-251027
MV-00119,2025-11-04,SKU-006,IN,61,PO-006-251020
MV-00120,2025-11-04,SKU-018,IN,110,PO-018-251020
MV-00121,2025-11-05,SKU-001,IN,2640,PO-001-251027
MV-00122,2025-11-05,SKU-004,OUT,263,SALES/ISSUE
MV-00123,2025-11-05,SKU-007,OUT,9,SALES/ISSUE
MV-00124,2025-11-05,SKU-011,OUT,181,SALES/ISSUE
MV-00125,2025-11-05,SKU-014,OUT,49,SALES/ISSUE
MV-00126,2025-11-05,SKU-017,IN,242,PO-017-251020
MV-00127,2025-11-05,SKU-019,OUT,22,SALES/ISSUE
MV-00128,2025-11-06,SKU-002,OUT,504,SALES/ISSUE
MV-00129,2025-11-06,SKU-003,OUT,126,SALES/ISSUE
MV-00130,2025-11-06,SKU-006,OUT,28,SALES/ISSUE
MV-00131,2025-11-06,SKU-020,OUT,79,SALES/ISSUE
MV-00132,2025-11-06,SKU-022,OUT,2,SALES/ISSUE
MV-00133,2025-11-07,SKU-001,OUT,1039,SALES/ISSUE
MV-00134,2025-11-07,SKU-012,OUT,7,SALES/ISSUE
MV-00135,2025-11-07,SKU-013,OUT,6,SALES/ISSUE
MV-00136,2025-11-07,SKU-017,OUT,94,SALES/ISSUE
MV-00137,2025-11-07,SKU-018,OUT,20,SALES/ISSUE
MV-00138,2025-11-07,SKU-023,OUT,12,SALES/ISSUE
MV-00139,2025-11-07,SKU-024,OUT,18,SALES/ISSUE
MV-00140,2025-11-08,SKU-005,OUT,22,SALES/ISSUE
MV-00141,2025-11-08,SKU-008,OUT,10,SALES/ISSUE
MV-00142,2025-11-08,SKU-009,OUT,5,SALES/ISSUE
MV-00143,2025-11-08,SKU-010,OUT,5,SALES/ISSUE
MV-00144,2025-11-08,SKU-015,OUT,6,SALES/ISSUE
MV-00145,2025-11-08,SKU-016,OUT,7,SALES/ISSUE
MV-00146,2025-11-12,SKU-001,OUT,969,SALES/ISSUE
MV-00147,2025-11-12,SKU-003,IN,132,PO-003-251103
MV-00148,2025-11-12,SKU-009,OUT,5,SALES/ISSUE
MV-00149,2025-11-12,SKU-012,OUT,5,SALES/ISSUE
MV-00150,2025-11-12,SKU-013,OUT,5,SALES/ISSUE
MV-00151,2025-11-12,SKU-016,OUT,7,SALES/ISSUE
MV-00152,2025-11-12,SKU-020,OUT,80,SALES/ISSUE
MV-00153,2025-11-13,SKU-015,OUT,7,SALES/ISSUE
MV-00154,2025-11-13,SKU-017,OUT,94,SALES/ISSUE
MV-00155,2025-11-13,SKU-019,OUT,32,SALES/ISSUE
MV-00156,2025-11-13,SKU-023,OUT,12,SALES/ISSUE
MV-00157,2025-11-14,SKU-003,OUT,122,SALES/ISSUE
MV-00158,2025-11-14,SKU-006,OUT,28,SALES/ISSUE
MV-00159,2025-11-14,SKU-008,OUT,10,SALES/ISSUE
MV-00160,2025-11-14,SKU-010,OUT,3,SALES/ISSUE
MV-00161,2025-11-14,SKU-011,OUT,218,SALES/ISSUE
MV-00162,2025-11-14,SKU-014,OUT,43,SALES/ISSUE
MV-00163,2025-11-14,SKU-018,OUT,18,SALES/ISSUE
MV-00164,2025-11-14,SKU-022,OUT,1,SALES/ISSUE
MV-00165,2025-11-14,SKU-024,OUT,19,SALES/ISSUE
MV-00166,2025-11-15,SKU-002,OUT,408,SALES/ISSUE
MV-00167,2025-11-15,SKU-004,OUT,235,SALES/ISSUE
MV-00168,2025-11-15,SKU-005,OUT,25,SALES/ISSUE
MV-00169,2025-11-15,SKU-007,OUT,11,SALES/ISSUE
MV-00170,2025-11-15,SKU-021,OUT,1,SALES/ISSUE
MV-00171,2025-11-17,SKU-002,IN,1100,PO-002-251110
MV-00172,2025-11-17,SKU-003,IN,132,PO-003-251110
MV-00173,2025-11-17,SKU-006,IN,61,PO-006-251103
MV-00174,2025-11-18,SKU-001,IN,2640,PO-001-251110
MV-00175,2025-11-19,SKU-005,OUT,27,SALES/ISSUE
MV-00176,2025-11-19,SKU-006,OUT,24,SALES/ISSUE
MV-00177,2025-11-19,SKU-007,OUT,8,SALES/ISSUE
MV-00178,2025-11-19,SKU-009,OUT,5,SALES/ISSUE
MV-00179,2025-11-19,SKU-011,IN,726,PO-011-251110
MV-00180,2025-11-19,SKU-014,OUT,38,SALES/ISSUE
MV-00181,2025-11-19,SKU-017,IN,242,PO-017-251103
MV-00182,2025-11-19,SKU-017,OUT,78,SALES/ISSUE
MV-00183,2025-11-19,SKU-018,OUT,22,SALES/ISSUE
MV-00184,2025-11-20,SKU-001,OUT,1180,SALES/ISSUE
MV-00185,2025-11-20,SKU-002,OUT,432,SALES/ISSUE
MV-00186,2025-11-20,SKU-011,OUT,201,SALES/ISSUE
MV-00187,2025-11-20,SKU-013,OUT,7,SALES/ISSUE
MV-00188,2025-11-20,SKU-019,OUT,31,SALES/ISSUE
MV-00189,2025-11-20,SKU-023,OUT,14,SALES/ISSUE
MV-00190,2025-11-21,SKU-004,OUT,257,SALES/ISSUE
MV-00191,2025-11-21,SKU-008,OUT,9,SALES/ISSUE
MV-00192,2025-11-21,SKU-015,OUT,4,SALES/ISSUE
MV-00193,2025-11-21,SKU-022,OUT,1,SALES/ISSUE
MV-00194,2025-11-21,SKU-024,OUT,16,SALES/ISSUE
MV-00195,2025-11-22,SKU-003,OUT,100,SALES/ISSUE
MV-00196,2025-11-22,SKU-010,OUT,4,SALES/ISSUE
MV-00197,2025-11-22,SKU-012,OUT,8,SALES/ISSUE
MV-00198,2025-11-22,SKU-016,OUT,9,SALES/ISSUE
MV-00199,2025-11-22,SKU-020,OUT,85,SALES/ISSUE
MV-00200,2025-11-24,SKU-003,IN,132,PO-003-251117
MV-00201,2025-11-24,SKU-010,IN,22,PO-010-251110
MV-00202,2025-11-25,SKU-004,IN,1100,PO-004-251117
MV-00203,2025-11-25,SKU-016,IN,35,PO-016-251110
MV-00204,2025-11-26,SKU-003,OUT,144,SALES/ISSUE
MV-00205,2025-11-26,SKU-008,IN,44,PO-008-251110
MV-00206,2025-11-26,SKU-009,IN,26,PO-009-251110
MV-00207,2025-11-26,SKU-011,OUT,184,SALES/ISSUE
MV-00208,2025-11-26,SKU-012,IN,35,PO-012-251110
MV-00209,2025-11-26,SKU-014,IN,198,PO-014-251110
MV-00210,2025-11-26,SKU-015,OUT,5,SALES/ISSUE
MV-00211,2025-11-26,SKU-019,IN,132,PO-019-251110
MV-00212,2025-11-26,SKU-020,IN,352,PO-020-251110
MV-00213,2025-11-26,SKU-020,OUT,62,SALES/ISSUE
MV-00214,2025-11-26,SKU-024,OUT,22,SALES/ISSUE
MV-00215,2025-11-27,SKU-001,OUT,1088,SALES/ISSUE
MV-00216,2025-11-27,SKU-005,OUT,28,SALES/ISSUE
MV-00217,2025-11-27,SKU-007,OUT,10,SALES/ISSUE
MV-00218,2025-11-27,SKU-008,OUT,10,SALES/ISSUE
MV-00219,2025-11-27,SKU-009,OUT,5,SALES/ISSUE
MV-00220,2025-11-27,SKU-013,OUT,6,SALES/ISSUE
MV-00221,2025-11-27,SKU-016,OUT,7,SALES/ISSUE
MV-00222,2025-11-27,SKU-018,OUT,16,SALES/ISSUE
MV-00223,2025-11-27,SKU-023,OUT,10,SALES/ISSUE
MV-00224,2025-11-28,SKU-004,OUT,241,SALES/ISSUE
MV-00225,2025-11-28,SKU-010,OUT,6,SALES/ISSUE
MV-00226,2025-11-28,SKU-014,OUT,45,SALES/ISSUE
MV-00227,2025-11-28,SKU-019,OUT,25,SALES/ISSUE
MV-00228,2025-11-29,SKU-002,OUT,541,SALES/ISSUE
MV-00229,2025-11-29,SKU-006,OUT,26,SALES/ISSUE
MV-00230,2025-11-29,SKU-012,OUT,6,SALES/ISSUE
MV-00231,2025-11-29,SKU-017,OUT,109,SALES/ISSUE
MV-00232,2025-11-29,SKU-021,OUT,3,SALES/ISSUE
MV-00233,2025-12-01,SKU-024,IN,88,PO-024-251117
MV-00234,2025-12-02,SKU-002,IN,1100,PO-002-251124
MV-00235,2025-12-02,SKU-006,IN,61,PO-006-251117
MV-00236,2025-12-03,SKU-003,IN,132,PO-003-251124
MV-00237,2025-12-03,SKU-003,OUT,114,SALES/ISSUE
MV-00238,2025-12-03,SKU-004,OUT,242,SALES/ISSUE
MV-00239,2025-12-03,SKU-007,IN,52,PO-007-251117
MV-00240,2025-12-03,SKU-008,OUT,9,SALES/ISSUE
MV-00241,2025-12-03,SKU-009,OUT,7,SALES/ISSUE
MV-00242,2025-12-03,SKU-011,OUT,209,SALES/ISSUE
MV-00243,2025-12-03,SKU-012,OUT,8,SALES/ISSUE
MV-00244,2025-12-03,SKU-013,IN,26,PO-013-251117
MV-00245,2025-12-03,SKU-015,OUT,4,SALES/ISSUE
MV-00246,2025-12-03,SKU-017,OUT,103,SALES/ISSUE
MV-00247,2025-12-03,SKU-021,OUT,1,SALES/ISSUE
MV-00248,2025-12-03,SKU-022,OUT,1,SALES/ISSUE
MV-00249,2025-12-04,SKU-020,OUT,83,SALES/ISSUE
MV-00250,2025-12-04,SKU-023,OUT,12,SALES/ISSUE
MV-00251,2025-12-05,SKU-002,OUT,495,SALES/ISSUE
MV-00252,2025-12-05,SKU-007,OUT,7,SALES/ISSUE
MV-00253,2025-12-05,SKU-010,OUT,5,SALES/ISSUE
MV-00254,2025-12-05,SKU-013,OUT,6,SALES/ISSUE
MV-00255,2025-12-05,SKU-016,OUT,5,SALES/ISSUE
MV-00256,2025-12-05,SKU-018,OUT,16,SALES/ISSUE
MV-00257,2025-12-05,SKU-019,OUT,37,SALES/ISSUE
MV-00258,2025-12-06,SKU-001,OUT,1140,SALES/ISSUE
MV-00259,2025-12-06,SKU-005,OUT,27,SALES/ISSUE
MV-00260,2025-12-06,SKU-006,OUT,31,SALES/ISSUE
MV-00261,2025-12-06,SKU-014,OUT,51,SALES/ISSUE
MV-00262,2025-12-06,SKU-024,OUT,22,SALES/ISSUE
MV-00263,2025-12-08,SKU-017,IN,242,PO-017-251124
MV-00264,2025-12-09,SKU-001,IN,2640,PO-001-251201
MV-00265,2025-12-09,SKU-003,IN,132,PO-003-251201
MV-00266,2025-12-09,SKU-015,IN,39,PO-015-251124
MV-00267,2025-12-09,SKU-023,IN,79,PO-023-251124
MV-00268,2025-12-10,SKU-001,OUT,1127,SALES/ISSUE
MV-00269,2025-12-10,SKU-005,IN,165,PO-005-251124
MV-00270,2025-12-10,SKU-006,OUT,25,SALES/ISSUE
MV-00271,2025-12-10,SKU-008,OUT,11,SALES/ISSUE
MV-00272,2025-12-10,SKU-009,OUT,4,SALES/ISSUE
MV-00273,2025-12-10,SKU-010,OUT,5,SALES/ISSUE
MV-00274,2025-12-10,SKU-015,OUT,5,SALES/ISSUE
MV-00275,2025-12-10,SKU-016,OUT,5,SALES/ISSUE
MV-00276,2025-12-10,SKU-018,OUT,18,SALES/ISSUE
MV-00277,2025-12-10,SKU-019,OUT,32,SALES/ISSUE
MV-00278,2025-12-10,SKU-020,OUT,85,SALES/ISSUE
MV-00279,2025-12-10,SKU-023,OUT,9,SALES/ISSUE
MV-00280,2025-12-11,SKU-002,OUT,602,SALES/ISSUE
MV-00281,2025-12-11,SKU-005,OUT,26,SALES/ISSUE
MV-00282,2025-12-11,SKU-007,OUT,10,SALES/ISSUE
MV-00283,2025-12-11,SKU-011,OUT,218,SALES/ISSUE
MV-00284,2025-12-11,SKU-013,OUT,5,SALES/ISSUE
MV-00285,2025-12-11,SKU-014,OUT,43,SALES/ISSUE
MV-00286,2025-12-12,SKU-003,OUT,104,SALES/ISSUE
MV-00287,2025-12-12,SKU-012,OUT,6,SALES/ISSUE
MV-00288,2025-12-12,SKU-024,OUT,19,SALES/ISSUE
MV-00289,2025-12-13,SKU-004,OUT,254,SALES/ISSUE
MV-00290,2025-12-13,SKU-017,OUT,114,SALES/ISSUE
MV-00291,2025-12-15,SKU-003,IN,132,PO-003-251208
MV-00292,2025-12-15,SKU-006,IN,61,PO-006-251201
MV-00293,2025-12-15,SKU-011,IN,726,PO-011-251208
MV-00294,2025-12-17,SKU-002,IN,1100,PO-002-251208
MV-00295,2025-12-17,SKU-007,OUT,10,SALES/ISSUE
MV-00296,2025-12-17,SKU-011,OUT,193,SALES/ISSUE
MV-00297,2025-12-17,SKU-012,OUT,9,SALES/ISSUE
MV-00298,2025-12-17,SKU-015,OUT,6,SALES/ISSUE
MV-00299,2025-12-17,SKU-017,OUT,113,SALES/ISSUE
MV-00300,2025-12-17,SKU-018,IN,110,PO-018-251201
MV-00301,2025-12-17,SKU-023,OUT,10,SALES/ISSUE
MV-00302,2025-12-18,SKU-003,OUT,129,SALES/ISSUE
MV-00303,2025-12-18,SKU-006,OUT,22,SALES/ISSUE
MV-00304,2025-12-18,SKU-013,OUT,6,SALES/ISSUE
MV-00305,2025-12-18,SKU-016,OUT,8,SALES/ISSUE
MV-00306,2025-12-18,SKU-020,OUT,80,SALES/ISSUE
MV-00307,2025-12-18,SKU-022,OUT,2,SALES/ISSUE
MV-00308,2025-12-18,SKU-024,OUT,18,SALES/ISSUE
MV-00309,2025-12-19,SKU-014,OUT,39,SALES/ISSUE
MV-00310,2025-12-19,SKU-018,OUT,38,SALES/ISSUE
MV-00311,2025-12-20,SKU-001,OUT,955,SALES/ISSUE
MV-00312,2025-12-20,SKU-002,OUT,570,SALES/ISSUE
MV-00313,2025-12-20,SKU-004,OUT,173,SALES/ISSUE
MV-00314,2025-12-20,SKU-005,OUT,24,SALES/ISSUE
MV-00315,2025-12-20,SKU-008,OUT,10,SALES/ISSUE
MV-00316,2025-12-20,SKU-009,OUT,5,SALES/ISSUE
MV-00317,2025-12-20,SKU-010,OUT,4,SALES/ISSUE
MV-00318,2025-12-20,SKU-019,OUT,23,SALES/ISSUE
MV-00319,2025-12-22,SKU-003,IN,132,PO-003-251215
MV-00320,2025-12-23,SKU-014,IN,198,PO-014-251208
MV-00321,2025-12-24,SKU-001,IN,2640,PO-001-251215
MV-00322,2025-12-24,SKU-001,OUT,1073,SALES/ISSUE
MV-00323,2025-12-24,SKU-004,IN,1100,PO-004-251215
MV-00324,2025-12-24,SKU-009,OUT,5,SALES/ISSUE
MV-00325,2025-12-24,SKU-010,OUT,3,SALES/ISSUE
MV-00326,2025-12-24,SKU-011,OUT,239,SALES/ISSUE
MV-00327,2025-12-24,SKU-014,OUT,45,SALES/ISSUE
MV-00328,2025-12-24,SKU-015,OUT,5,SALES/ISSUE
MV-00329,2025-12-24,SKU-017,IN,242,PO-017-251208
MV-00330,2025-12-24,SKU-017,OUT,81,SALES/ISSUE
MV-00331,2025-12-24,SKU-020,IN,352,PO-020-251208
MV-00332,2025-12-24,SKU-023,OUT,12,SALES/ISSUE
MV-00333,2025-12-24,SKU-024,OUT,17,SALES/ISSUE
MV-00334,2025-12-25,SKU-002,OUT,513,SALES/ISSUE
MV-00335,2025-12-25,SKU-004,OUT,255,SALES/ISSUE
MV-00336,2025-12-25,SKU-005,OUT,18,SALES/ISSUE
MV-00337,2025-12-25,SKU-006,OUT,26,SALES/ISSUE
MV-00338,2025-12-25,SKU-008,OUT,10,SALES/ISSUE
MV-00339,2025-12-25,SKU-013,OUT,6,SALES/ISSUE
MV-00340,2025-12-25,SKU-018,OUT,47,SALES/ISSUE
MV-00341,2025-12-25,SKU-020,OUT,91,SALES/ISSUE
MV-00342,2025-12-25,SKU-021,OUT,1,SALES/ISSUE
MV-00343,2025-12-25,SKU-022,OUT,4,SALES/ISSUE
MV-00344,2025-12-26,SKU-007,OUT,11,SALES/ISSUE
MV-00345,2025-12-26,SKU-012,OUT,7,SALES/ISSUE
MV-00346,2025-12-27,SKU-003,OUT,119,SALES/ISSUE
MV-00347,2025-12-27,SKU-016,OUT,8,SALES/ISSUE
MV-00348,2025-12-27,SKU-019,OUT,35,SALES/ISSUE
MV-00349,2025-12-29,SKU-002,IN,1100,PO-002-251222
MV-00350,2025-12-29,SKU-010,IN,22,PO-010-251215
MV-00351,2025-12-29,SKU-016,IN,35,PO-016-251215
MV-00352,2025-12-29,SKU-019,IN,132,PO-019-251215
MV-00353,2025-12-30,SKU-003,IN,132,PO-003-251222
MV-00354,2025-12-30,SKU-009,IN,26,PO-009-251215
MV-00355,2025-12-30,SKU-012,IN,35,PO-012-251215
MV-00356,2025-12-30,SKU-024,IN,88,PO-024-251215
MV-00357,2025-12-31,SKU-002,OUT,507,SALES/ISSUE
MV-00358,2025-12-31,SKU-003,OUT,124,SALES/ISSUE
MV-00359,2025-12-31,SKU-004,OUT,258,SALES/ISSUE
MV-00360,2025-12-31,SKU-008,IN,44,PO-008-251215
MV-00361,2025-12-31,SKU-009,OUT,6,SALES/ISSUE
MV-00362,2025-12-31,SKU-013,IN,26,PO-013-251215
MV-00363,2025-12-31,SKU-022,OUT,1,SALES/ISSUE
MV-00364,2025-12-31,SKU-023,OUT,10,SALES/ISSUE
MV-00365,2026-01-01,SKU-010,OUT,4,SALES/ISSUE
MV-00366,2026-01-01,SKU-015,OUT,5,SALES/ISSUE
MV-00367,2026-01-01,SKU-024,OUT,21,SALES/ISSUE
MV-00368,2026-01-02,SKU-005,OUT,23,SALES/ISSUE
MV-00369,2026-01-02,SKU-006,OUT,26,SALES/ISSUE
MV-00370,2026-01-02,SKU-007,OUT,11,SALES/ISSUE
MV-00371,2026-01-02,SKU-011,OUT,170,SALES/ISSUE
MV-00372,2026-01-02,SKU-012,OUT,7,SALES/ISSUE
MV-00373,2026-01-02,SKU-018,OUT,51,SALES/ISSUE
MV-00374,2026-01-02,SKU-021,OUT,1,SALES/ISSUE
MV-00375,2026-01-03,SKU-001,OUT,991,SALES/ISSUE
MV-00376,2026-01-03,SKU-008,OUT,10,SALES/ISSUE
MV-00377,2026-01-03,SKU-013,OUT,5,SALES/ISSUE
MV-00378,2026-01-03,SKU-014,OUT,40,SALES/ISSUE
MV-00379,2026-01-03,SKU-016,OUT,7,SALES/ISSUE
MV-00380,2026-01-03,SKU-017,OUT,103,SALES/ISSUE
MV-00381,2026-01-03,SKU-019,OUT,33,SALES/ISSUE
MV-00382,2026-01-03,SKU-020,OUT,90,SALES/ISSUE
MV-00383,2026-01-05,SKU-003,IN,132,PO-003-251229
MV-00384,2026-01-05,SKU-006,IN,61,PO-006-251222
MV-00385,2026-01-06,SKU-017,IN,242,PO-017-251222
MV-00386,2026-01-07,SKU-003,OUT,121,SALES/ISSUE
MV-00387,2026-01-07,SKU-004,OUT,197,SALES/ISSUE
MV-00388,2026-01-07,SKU-005,OUT,25,SALES/ISSUE
MV-00389,2026-01-07,SKU-009,OUT,5,SALES/ISSUE
MV-00390,2026-01-07,SKU-011,IN,726,PO-011-251229
MV-00391,2026-01-07,SKU-011,OUT,219,SALES/ISSUE
MV-00392,2026-01-07,SKU-018,IN,110,PO-018-251222
MV-00393,2026-01-07,SKU-020,OUT,57,SALES/ISSUE
MV-00394,2026-01-07,SKU-021,OUT,2,SALES/ISSUE
MV-00395,2026-01-07,SKU-023,OUT,12,SALES/ISSUE
MV-00396,2026-01-07,SKU-024,OUT,19,SALES/ISSUE
MV-00397,2026-01-08,SKU-001,OUT,1238,SALES/ISSUE
MV-00398,2026-01-08,SKU-006,OUT,20,SALES/ISSUE
MV-00399,2026-01-08,SKU-008,OUT,9,SALES/ISSUE
MV-00400,2026-01-08,SKU-015,OUT,5,SALES/ISSUE
MV-00401,2026-01-08,SKU-016,OUT,8,SALES/ISSUE
MV-00402,2026-01-09,SKU-002,OUT,584,SALES/ISSUE
MV-00403,2026-01-09,SKU-007,OUT,11,SALES/ISSUE
MV-00404,2026-01-09,SKU-010,OUT,5,SALES/ISSUE
MV-00405,2026-01-09,SKU-013,OUT,6,SALES/ISSUE
MV-00406,2026-01-09,SKU-018,OUT,48,SALES/ISSUE
MV-00407,2026-01-09,SKU-019,OUT,30,SALES/ISSUE
MV-00408,2026-01-10,SKU-012,OUT,9,SALES/ISSUE
MV-00409,2026-01-10,SKU-014,OUT,44,SALES/ISSUE
MV-00410,2026-01-10,SKU-017,OUT,98,SALES/ISSUE
MV-00411,2026-01-12,SKU-002,IN,1100,PO-002-260105
MV-00412,2026-01-12,SKU-003,IN,132,PO-003-260105
MV-00413,2026-01-12,SKU-007,IN,52,PO-007-251229
MV-00414,2026-01-14,SKU-001,IN,2640,PO-001-260105
MV-00415,2026-01-14,SKU-020,OUT,83,SALES/ISSUE
MV-00416,2026-01-15,SKU-005,OUT,20,SALES/ISSUE
MV-00417,2026-01-15,SKU-008,OUT,11,SALES/ISSUE
MV-00418,2026-01-15,SKU-009,OUT,5,SALES/ISSUE
MV-00419,2026-01-15,SKU-011,OUT,214,SALES/ISSUE
MV-00420,2026-01-15,SKU-013,OUT,6,SALES/ISSUE
MV-00421,2026-01-15,SKU-015,OUT,8,SALES/ISSUE
MV-00422,2026-01-15,SKU-017,OUT,103,SALES/ISSUE
MV-00423,2026-01-15,SKU-019,OUT,34,SALES/ISSUE
MV-00424,2026-01-15,SKU-021,OUT,1,SALES/ISSUE
MV-00425,2026-01-15,SKU-023,OUT,11,SALES/ISSUE
MV-00426,2026-01-16,SKU-003,OUT,90,SALES/ISSUE
MV-00427,2026-01-16,SKU-004,OUT,259,SALES/ISSUE
MV-00428,2026-01-16,SKU-006,OUT,18,SALES/ISSUE
MV-00429,2026-01-16,SKU-007,OUT,10,SALES/ISSUE
MV-00430,2026-01-16,SKU-012,OUT,8,SALES/ISSUE
MV-00431,2026-01-16,SKU-014,OUT,43,SALES/ISSUE
MV-00432,2026-01-16,SKU-016,OUT,8,SALES/ISSUE
MV-00433,2026-01-16,SKU-024,OUT,17,SALES/ISSUE
MV-00434,2026-01-17,SKU-001,OUT,1024,SALES/ISSUE
MV-00435,2026-01-17,SKU-002,OUT,561,SALES/ISSUE
MV-00436,2026-01-17,SKU-010,OUT,5,SALES/ISSUE
MV-00437,2026-01-17,SKU-018,OUT,41,SALES/ISSUE
MV-00438,2026-01-17,SKU-022,OUT,3,SALES/ISSUE
MV-00439,2026-01-19,SKU-006,IN,61,PO-006-260105
MV-00440,2026-01-19,SKU-021,IN,8,PO-021-251229
MV-00441,2026-01-21,SKU-001,OUT,1148,SALES/ISSUE
MV-00442,2026-01-21,SKU-004,OUT,203,SALES/ISSUE
MV-00443,2026-01-21,SKU-008,OUT,7,SALES/ISSUE
MV-00444,2026-01-21,SKU-016,OUT,7,SALES/ISSUE
MV-00445,2026-01-21,SKU-018,IN,110,PO-018-260105
MV-00446,2026-01-22,SKU-006,OUT,23,SALES/ISSUE
MV-00447,2026-01-22,SKU-009,OUT,6,SALES/ISSUE
MV-00448,2026-01-22,SKU-012,OUT,7,SALES/ISSUE
MV-00449,2026-01-22,SKU-015,OUT,6,SALES/ISSUE
MV-00450,2026-01-22,SKU-019,OUT,29,SALES/ISSUE
MV-00451,2026-01-23,SKU-002,OUT,497,SALES/ISSUE
MV-00452,2026-01-23,SKU-007,OUT,12,SALES/ISSUE
MV-00453,2026-01-23,SKU-017,OUT,101,SALES/ISSUE
MV-00454,2026-01-23,SKU-018,OUT,36,SALES/ISSUE
MV-00455,2026-01-23,SKU-020,OUT,90,SALES/ISSUE
MV-00456,2026-01-23,SKU-022,OUT,3,SALES/ISSUE
MV-00457,2026-01-23,SKU-023,OUT,11,SALES/ISSUE
MV-00458,2026-01-23,SKU-024,OUT,16,SALES/ISSUE
MV-00459,2026-01-24,SKU-003,OUT,119,SALES/ISSUE
MV-00460,2026-01-24,SKU-005,OUT,21,SALES/ISSUE
MV-00461,2026-01-24,SKU-010,OUT,4,SALES/ISSUE
MV-00462,2026-01-24,SKU-011,OUT,219,SALES/ISSUE
MV-00463,2026-01-24,SKU-013,OUT,5,SALES/ISSUE
MV-00464,2026-01-24,SKU-014,OUT,44,SALES/ISSUE
MV-00465,2026-01-26,SKU-013,IN,26,PO-013-260112
MV-00466,2026-01-26,SKU-014,IN,198,PO-014-260112
MV-00467,2026-01-26,SKU-020,IN,352,PO-020-260112
MV-00468,2026-01-27,SKU-001,IN,2640,PO-001-260119
MV-00469,2026-01-27,SKU-002,IN,1100,PO-002-260119
MV-00470,2026-01-27,SKU-004,IN,1100,PO-004-260119
MV-00471,2026-01-27,SKU-005,IN,165,PO-005-260112
MV-00472,2026-01-27,SKU-008,IN,44,PO-008-260112
MV-00473,2026-01-27,SKU-019,IN,132,PO-019-260112
MV-00474,2026-01-28,SKU-001,OUT,1133,SALES/ISSUE
MV-00475,2026-01-28,SKU-003,IN,132,PO-003-260119
MV-00476,2026-01-28,SKU-005,OUT,22,SALES/ISSUE
MV-00477,2026-01-28,SKU-010,OUT,5,SALES/ISSUE
MV-00478,2026-01-28,SKU-011,OUT,225,SALES/ISSUE
MV-00479,2026-01-28,SKU-014,OUT,33,SALES/ISSUE
MV-00480,2026-01-28,SKU-016,OUT,5,SALES/ISSUE
MV-00481,2026-01-28,SKU-017,IN,242,PO-017-260112
MV-00482,2026-01-28,SKU-022,IN,17,PO-022-260112
MV-00483,2026-01-28,SKU-023,IN,79,PO-023-260112
MV-00484,2026-01-28,SKU-023,OUT,12,SALES/ISSUE
MV-00485,2026-01-29,SKU-003,OUT,102,SALES/ISSUE
MV-00486,2026-01-29,SKU-004,OUT,240,SALES/ISSUE
MV-00487,2026-01-29,SKU-006,OUT,31,SALES/ISSUE
MV-00488,2026-01-29,SKU-007,OUT,12,SALES/ISSUE
MV-00489,2026-01-29,SKU-008,OUT,13,SALES/ISSUE
MV-00490,2026-01-29,SKU-018,OUT,84,SALES/ISSUE
MV-00491,2026-01-30,SKU-012,OUT,7,SALES/ISSUE
MV-00492,2026-01-30,SKU-019,OUT,27,SALES/ISSUE
MV-00493,2026-01-30,SKU-020,OUT,72,SALES/ISSUE
MV-00494,2026-01-30,SKU-024,OUT,23,SALES/ISSUE
MV-00495,2026-01-31,SKU-002,OUT,543,SALES/ISSUE
MV-00496,2026-01-31,SKU-009,OUT,5,SALES/ISSUE
MV-00497,2026-01-31,SKU-013,OUT,5,SALES/ISSUE
MV-00498,2026-01-31,SKU-015,OUT,5,SALES/ISSUE
MV-00499,2026-01-31,SKU-017,OUT,116,SALES/ISSUE
MV-00500,2026-02-02,SKU-003,IN,132,PO-003-260126
MV-00501,2026-02-02,SKU-009,IN,26,PO-009-260119
MV-00502,2026-02-02,SKU-010,IN,22,PO-010-260119
MV-00503,2026-02-03,SKU-016,IN,35,PO-016-260119
MV-00504,2026-02-03,SKU-024,IN,88,PO-024-260119
MV-00505,2026-02-04,SKU-003,OUT,115,SALES/ISSUE
MV-00506,2026-02-04,SKU-004,OUT,248,SALES/ISSUE
MV-00507,2026-02-04,SKU-006,OUT,28,SALES/ISSUE
MV-00508,2026-02-04,SKU-011,IN,726,PO-011-260126
MV-00509,2026-02-04,SKU-012,IN,35,PO-012-260119
MV-00510,2026-02-04,SKU-015,IN,39,PO-015-260119
MV-00511,2026-02-04,SKU-016,OUT,8,SALES/ISSUE
MV-00512,2026-02-05,SKU-005,OUT,26,SALES/ISSUE
MV-00513,2026-02-05,SKU-007,OUT,12,SALES/ISSUE
MV-00514,2026-02-05,SKU-011,OUT,190,SALES/ISSUE
MV-00515,2026-02-05,SKU-018,OUT,21,SALES/ISSUE
MV-00516,2026-02-05,SKU-019,OUT,31,SALES/ISSUE
MV-00517,2026-02-06,SKU-002,OUT,506,SALES/ISSUE
MV-00518,2026-02-06,SKU-008,OUT,9,SALES/ISSUE
MV-00519,2026-02-06,SKU-009,OUT,4,SALES/ISSUE
MV-00520,2026-02-06,SKU-014,OUT,40,SALES/ISSUE
MV-00521,2026-02-06,SKU-015,OUT,5,SALES/ISSUE
MV-00522,2026-02-06,SKU-022,OUT,2,SALES/ISSUE
MV-00523,2026-02-07,SKU-001,OUT,1135,SALES/ISSUE
MV-00524,2026-02-07,SKU-010,OUT,6,SALES/ISSUE
MV-00525,2026-02-07,SKU-012,OUT,7,SALES/ISSUE
MV-00526,2026-02-07,SKU-013,OUT,5,SALES/ISSUE
MV-00527,2026-02-07,SKU-017,OUT,113,SALES/ISSUE
MV-00528,2026-02-07,SKU-020,OUT,79,SALES/ISSUE
MV-00529,2026-02-07,SKU-023,OUT,11,SALES/ISSUE
MV-00530,2026-02-07,SKU-024,OUT,17,SALES/ISSUE
MV-00531,2026-02-10,SKU-002,IN,1100,PO-002-260202
MV-00532,2026-02-10,SKU-006,IN,61,PO-006-260126
MV-00533,2026-02-10,SKU-017,IN,242,PO-017-260126
MV-00534,2026-02-10,SKU-018,IN,110,PO-018-260126
MV-00535,2026-02-11,SKU-001,IN,2640,PO-001-260202
MV-00536,2026-02-11,SKU-002,OUT,544,SALES/ISSUE
MV-00537,2026-02-11,SKU-003,IN,132,PO-003-260202
MV-00538,2026-02-11,SKU-007,IN,52,PO-007-260126
MV-00539,2026-02-11,SKU-012,OUT,8,SALES/ISSUE
MV-00540,2026-02-11,SKU-013,OUT,6,SALES/ISSUE
MV-00541,2026-02-11,SKU-015,OUT,4,SALES/ISSUE
MV-00542,2026-02-11,SKU-020,OUT,82,SALES/ISSUE
MV-00543,2026-02-11,SKU-021,OUT,1,SALES/ISSUE
MV-00544,2026-02-11,SKU-023,OUT,13,SALES/ISSUE
MV-00545,2026-02-11,SKU-024,OUT,18,SALES/ISSUE
MV-00546,2026-02-12,SKU-001,OUT,1027,SALES/ISSUE
MV-00547,2026-02-12,SKU-009,OUT,4,SALES/ISSUE
MV-00548,2026-02-12,SKU-010,OUT,4,SALES/ISSUE
MV-00549,2026-02-12,SKU-018,OUT,67,SALES/ISSUE
MV-00550,2026-02-13,SKU-004,OUT,239,SALES/ISSUE
MV-00551,2026-02-13,SKU-005,OUT,25,SALES/ISSUE
MV-00552,2026-02-13,SKU-006,OUT,26,SALES/ISSUE
MV-00553,2026-02-13,SKU-008,OUT,9,SALES/ISSUE
MV-00554,2026-02-13,SKU-014,OUT,41,SALES/ISSUE
MV-00555,2026-02-13,SKU-019,OUT,24,SALES/ISSUE
MV-00556,2026-02-13,SKU-022,OUT,3,SALES/ISSUE
MV-00557,2026-02-14,SKU-003,OUT,100,SALES/ISSUE
MV-00558,2026-02-14,SKU-007,OUT,11,SALES/ISSUE
MV-00559,2026-02-14,SKU-011,OUT,191,SALES/ISSUE
MV-00560,2026-02-14,SKU-016,OUT,7,SALES/ISSUE
MV-00561,2026-02-14,SKU-017,OUT,95,SALES/ISSUE
MV-00562,2026-02-16,SKU-003,IN,132,PO-003-260209
MV-00563,2026-02-17,SKU-018,IN,110,PO-018-260202
MV-00564,2026-02-18,SKU-005,OUT,18,SALES/ISSUE
MV-00565,2026-02-18,SKU-019,OUT,27,SALES/ISSUE
MV-00566,2026-02-18,SKU-024,OUT,16,SALES/ISSUE
MV-00567,2026-02-19,SKU-001,OUT,974,SALES/ISSUE
MV-00568,2026-02-19,SKU-007,OUT,11,SALES/ISSUE
MV-00569,2026-02-19,SKU-009,OUT,5,SALES/ISSUE
MV-00570,2026-02-19,SKU-012,OUT,8,SALES/ISSUE
MV-00571,2026-02-19,SKU-014,OUT,52,SALES/ISSUE
MV-00572,2026-02-19,SKU-015,OUT,4,SALES/ISSUE
MV-00573,2026-02-19,SKU-017,OUT,78,SALES/ISSUE
MV-00574,2026-02-19,SKU-022,OUT,2,SALES/ISSUE
MV-00575,2026-02-20,SKU-002,OUT,529,SALES/ISSUE
MV-00576,2026-02-20,SKU-004,OUT,289,SALES/ISSUE
MV-00577,2026-02-20,SKU-006,OUT,24,SALES/ISSUE
MV-00578,2026-02-20,SKU-008,OUT,9,SALES/ISSUE
MV-00579,2026-02-20,SKU-010,OUT,3,SALES/ISSUE
MV-00580,2026-02-20,SKU-013,OUT,5,SALES/ISSUE
MV-00581,2026-02-20,SKU-018,OUT,66,SALES/ISSUE
MV-00582,2026-02-20,SKU-023,OUT,12,SALES/ISSUE
MV-00583,2026-02-21,SKU-003,OUT,113,SALES/ISSUE
MV-00584,2026-02-21,SKU-011,OUT,227,SALES/ISSUE
MV-00585,2026-02-21,SKU-016,OUT,6,SALES/ISSUE
MV-00586,2026-02-21,SKU-020,OUT,63,SALES/ISSUE
MV-00587,2026-02-23,SKU-011,IN,726,PO-011-260216
MV-00588,2026-02-23,SKU-017,IN,242,PO-017-260209
MV-00589,2026-02-24,SKU-006,IN,61,PO-006-260209
MV-00590,2026-02-25,SKU-012,OUT,7,SALES/ISSUE
MV-00591,2026-02-25,SKU-013,OUT,6,SALES/ISSUE
MV-00592,2026-02-25,SKU-018,IN,110,PO-018-260209
MV-00593,2026-02-25,SKU-019,OUT,28,SALES/ISSUE
MV-00594,2026-02-25,SKU-020,IN,352,PO-020-260209
MV-00595,2026-02-26,SKU-003,OUT,134,SALES/ISSUE
MV-00596,2026-02-26,SKU-010,OUT,5,SALES/ISSUE
MV-00597,2026-02-26,SKU-011,OUT,208,SALES/ISSUE
MV-00598,2026-02-26,SKU-014,OUT,51,SALES/ISSUE
MV-00599,2026-02-26,SKU-017,OUT,113,SALES/ISSUE
MV-00600,2026-02-26,SKU-018,OUT,81,SALES/ISSUE
MV-00601,2026-02-26,SKU-020,OUT,80,SALES/ISSUE
MV-00602,2026-02-26,SKU-024,OUT,17,SALES/ISSUE
MV-00603,2026-02-27,SKU-005,OUT,25,SALES/ISSUE
MV-00604,2026-02-27,SKU-006,OUT,27,SALES/ISSUE
MV-00605,2026-02-27,SKU-007,OUT,10,SALES/ISSUE
MV-00606,2026-02-27,SKU-009,OUT,4,SALES/ISSUE
MV-00607,2026-02-27,SKU-015,OUT,4,SALES/ISSUE
MV-00608,2026-02-27,SKU-016,OUT,8,SALES/ISSUE
MV-00609,2026-02-27,SKU-023,OUT,12,SALES/ISSUE
MV-00610,2026-02-28,SKU-001,OUT,1159,SALES/ISSUE
MV-00611,2026-02-28,SKU-002,OUT,480,SALES/ISSUE
MV-00612,2026-02-28,SKU-004,OUT,301,SALES/ISSUE
MV-00613,2026-02-28,SKU-008,OUT,8,SALES/ISSUE
MV-00614,2026-03-02,SKU-001,IN,2640,PO-001-260223
MV-00615,2026-03-03,SKU-002,IN,1100,PO-002-260223
MV-00616,2026-03-03,SKU-003,IN,132,PO-003-260223
MV-00617,2026-03-03,SKU-012,IN,35,PO-012-260216
MV-00618,2026-03-03,SKU-013,IN,26,PO-013-260216
MV-00619,2026-03-03,SKU-014,IN,198,PO-014-260216
MV-00620,2026-03-04,SKU-002,OUT,565,SALES/ISSUE
MV-00621,2026-03-04,SKU-004,IN,1100,PO-004-260223
MV-00622,2026-03-04,SKU-008,IN,44,PO-008-260216
MV-00623,2026-03-04,SKU-008,OUT,10,SALES/ISSUE
MV-00624,2026-03-04,SKU-011,OUT,175,SALES/ISSUE
MV-00625,2026-03-04,SKU-018,OUT,79,SALES/ISSUE
MV-00626,2026-03-04,SKU-019,IN,132,PO-019-260216
MV-00627,2026-03-05,SKU-004,OUT,263,SALES/ISSUE
MV-00628,2026-03-05,SKU-005,OUT,26,SALES/ISSUE
MV-00629,2026-03-05,SKU-006,OUT,24,SALES/ISSUE
MV-00630,2026-03-05,SKU-009,OUT,7,SALES/ISSUE
MV-00631,2026-03-05,SKU-012,OUT,8,SALES/ISSUE
MV-00632,2026-03-05,SKU-014,OUT,45,SALES/ISSUE
MV-00633,2026-03-05,SKU-016,OUT,5,SALES/ISSUE
MV-00634,2026-03-05,SKU-023,OUT,10,SALES/ISSUE
MV-00635,2026-03-06,SKU-001,OUT,1065,SALES/ISSUE
MV-00636,2026-03-06,SKU-003,OUT,139,SALES/ISSUE
MV-00637,2026-03-06,SKU-007,OUT,10,SALES/ISSUE
MV-00638,2026-03-06,SKU-013,OUT,4,SALES/ISSUE
MV-00639,2026-03-06,SKU-017,OUT,86,SALES/ISSUE
MV-00640,2026-03-06,SKU-019,OUT,27,SALES/ISSUE
MV-00641,2026-03-06,SKU-021,OUT,1,SALES/ISSUE
MV-00642,2026-03-06,SKU-022,OUT,1,SALES/ISSUE
MV-00643,2026-03-06,SKU-024,OUT,14,SALES/ISSUE
MV-00644,2026-03-07,SKU-010,OUT,6,SALES/ISSUE
MV-00645,2026-03-07,SKU-015,OUT,7,SALES/ISSUE
MV-00646,2026-03-07,SKU-020,OUT,78,SALES/ISSUE
MV-00647,2026-03-09,SKU-018,IN,110,PO-018-260223
MV-00648,2026-03-09,SKU-024,IN,88,PO-024-260223
MV-00649,2026-03-10,SKU-003,IN,132,PO-003-260302
MV-00650,2026-03-10,SKU-010,IN,22,PO-010-260223
MV-00651,2026-03-11,SKU-013,OUT,6,SALES/ISSUE
MV-00652,2026-03-11,SKU-016,IN,35,PO-016-260223
MV-00653,2026-03-11,SKU-016,OUT,8,SALES/ISSUE
MV-00654,2026-03-11,SKU-019,OUT,32,SALES/ISSUE
MV-00655,2026-03-11,SKU-023,OUT,13,SALES/ISSUE
MV-00656,2026-03-12,SKU-001,OUT,973,SALES/ISSUE
MV-00657,2026-03-12,SKU-002,OUT,608,SALES/ISSUE
MV-00658,2026-03-12,SKU-003,OUT,109,SALES/ISSUE
MV-00659,2026-03-12,SKU-004,OUT,302,SALES/ISSUE
MV-00660,2026-03-12,SKU-007,OUT,11,SALES/ISSUE
MV-00661,2026-03-12,SKU-008,OUT,8,SALES/ISSUE
MV-00662,2026-03-12,SKU-011,OUT,198,SALES/ISSUE
MV-00663,2026-03-12,SKU-012,OUT,7,SALES/ISSUE
MV-00664,2026-03-13,SKU-005,OUT,27,SALES/ISSUE
MV-00665,2026-03-13,SKU-006,OUT,21,SALES/ISSUE
MV-00666,2026-03-13,SKU-010,OUT,4,SALES/ISSUE
MV-00667,2026-03-13,SKU-014,OUT,44,SALES/ISSUE
MV-00668,2026-03-13,SKU-018,OUT,78,SALES/ISSUE
MV-00669,2026-03-13,SKU-020,OUT,84,SALES/ISSUE
MV-00670,2026-03-13,SKU-022,OUT,2,SALES/ISSUE
MV-00671,2026-03-13,SKU-024,OUT,15,SALES/ISSUE
MV-00672,2026-03-14,SKU-009,OUT,3,SALES/ISSUE
MV-00673,2026-03-14,SKU-015,OUT,7,SALES/ISSUE
MV-00674,2026-03-14,SKU-017,OUT,88,SALES/ISSUE
MV-00675,2026-03-16,SKU-017,IN,242,PO-017-260302
MV-00676,2026-03-17,SKU-002,IN,1100,PO-002-260309
MV-00677,2026-03-17,SKU-003,IN,132,PO-003-260309
MV-00678,2026-03-17,SKU-006,IN,61,PO-006-260302
MV-00679,2026-03-17,SKU-007,IN,52,PO-007-260302
MV-00680,2026-03-17,SKU-009,IN,26,PO-009-260302
MV-00681,2026-03-17,SKU-023,IN,79,PO-023-260302
MV-00682,2026-03-18,SKU-002,OUT,652,SALES/ISSUE
MV-00683,2026-03-18,SKU-003,OUT,123,SALES/ISSUE
MV-00684,2026-03-18,SKU-005,IN,165,PO-005-260302
MV-00685,2026-03-18,SKU-005,OUT,23,SALES/ISSUE
MV-00686,2026-03-18,SKU-007,OUT,12,SALES/ISSUE
MV-00687,2026-03-18,SKU-015,OUT,6,SALES/ISSUE
MV-00688,2026-03-18,SKU-018,IN,110,PO-018-260302
MV-00689,2026-03-19,SKU-009,OUT,5,SALES/ISSUE
MV-00690,2026-03-19,SKU-013,OUT,6,SALES/ISSUE
MV-00691,2026-03-19,SKU-018,OUT,21,SALES/ISSUE
MV-00692,2026-03-19,SKU-020,OUT,56,SALES/ISSUE
MV-00693,2026-03-19,SKU-022,OUT,3,SALES/ISSUE
MV-00694,2026-03-20,SKU-004,OUT,274,SALES/ISSUE
MV-00695,2026-03-20,SKU-006,OUT,33,SALES/ISSUE
MV-00696,2026-03-20,SKU-011,OUT,209,SALES/ISSUE
MV-00697,2026-03-20,SKU-012,OUT,9,SALES/ISSUE
MV-00698,2026-03-20,SKU-016,OUT,5,SALES/ISSUE
MV-00699,2026-03-20,SKU-024,OUT,17,SALES/ISSUE
MV-00700,2026-03-21,SKU-001,OUT,1164,SALES/ISSUE
MV-00701,2026-03-21,SKU-008,OUT,12,SALES/ISSUE
MV-00702,2026-03-21,SKU-010,OUT,4,SALES/ISSUE
MV-00703,2026-03-21,SKU-014,OUT,54,SALES/ISSUE
MV-00704,2026-03-21,SKU-017,OUT,116,SALES/ISSUE
MV-00705,2026-03-21,SKU-019,OUT,32,SALES/ISSUE
MV-00706,2026-03-21,SKU-021,OUT,1,SALES/ISSUE
MV-00707,2026-03-21,SKU-023,OUT,12,SALES/ISSUE
MV-00708,2026-03-23,SKU-002,IN,1100,PO-002-260316
MV-00709,2026-03-23,SKU-003,IN,132,PO-003-260316
MV-00710,2026-03-23,SKU-011,IN,726,PO-011-260316
MV-00711,2026-03-23,SKU-018,IN,110,PO-018-260309
MV-00712,2026-03-24,SKU-001,IN,2640,PO-001-260316
MV-00713,2026-03-24,SKU-004,IN,1100,PO-004-260316
MV-00714,2026-03-25,SKU-009,OUT,6,SALES/ISSUE
MV-00715,2026-03-25,SKU-015,IN,39,PO-015-260309
MV-00716,2026-03-25,SKU-015,OUT,5,SALES/ISSUE
MV-00717,2026-03-25,SKU-020,OUT,65,SALES/ISSUE
MV-00718,2026-03-26,SKU-011,OUT,211,SALES/ISSUE
MV-00719,2026-03-26,SKU-013,OUT,6,SALES/ISSUE
MV-00720,2026-03-26,SKU-014,OUT,32,SALES/ISSUE
MV-00721,2026-03-26,SKU-017,OUT,92,SALES/ISSUE
MV-00722,2026-03-26,SKU-019,OUT,28,SALES/ISSUE
MV-00723,2026-03-26,SKU-024,OUT,17,SALES/ISSUE
MV-00724,2026-03-27,SKU-002,OUT,514,SALES/ISSUE
MV-00725,2026-03-27,SKU-003,OUT,104,SALES/ISSUE
MV-00726,2026-03-27,SKU-004,OUT,251,SALES/ISSUE
MV-00727,2026-03-27,SKU-005,OUT,27,SALES/ISSUE
MV-00728,2026-03-27,SKU-007,OUT,13,SALES/ISSUE
MV-00729,2026-03-27,SKU-012,OUT,7,SALES/ISSUE
MV-00730,2026-03-27,SKU-023,OUT,11,SALES/ISSUE
MV-00731,2026-03-28,SKU-001,OUT,1150,SALES/ISSUE
MV-00732,2026-03-28,SKU-006,OUT,25,SALES/ISSUE
MV-00733,2026-03-28,SKU-008,OUT,10,SALES/ISSUE
MV-00734,2026-03-28,SKU-010,OUT,5,SALES/ISSUE
MV-00735,2026-03-28,SKU-016,OUT,7,SALES/ISSUE
MV-00736,2026-03-28,SKU-018,OUT,16,SALES/ISSUE
MV-00737,2026-03-30,SKU-014,IN,198,PO-014-260316
MV-00738,2026-03-30,SKU-017,IN,242,PO-017-260316
MV-00739,2026-03-30,SKU-020,IN,352,PO-020-260316
MV-00740,2026-03-31,SKU-022,IN,17,PO-022-260316
MV-00741,2026-04-01,SKU-003,IN,132,PO-003-260323
MV-00742,2026-04-01,SKU-003,OUT,123,SALES/ISSUE
MV-00743,2026-04-01,SKU-004,OUT,229,SALES/ISSUE
MV-00744,2026-04-01,SKU-006,IN,61,PO-006-260316
MV-00745,2026-04-01,SKU-006,OUT,25,SALES/ISSUE
MV-00746,2026-04-01,SKU-010,OUT,4,SALES/ISSUE
MV-00747,2026-04-01,SKU-019,IN,132,PO-019-260316
MV-00748,2026-04-01,SKU-019,OUT,27,SALES/ISSUE
MV-00749,2026-04-01,SKU-021,OUT,2,SALES/ISSUE
MV-00750,2026-04-01,SKU-022,OUT,3,SALES/ISSUE
MV-00751,2026-04-02,SKU-008,OUT,9,SALES/ISSUE
MV-00752,2026-04-02,SKU-009,OUT,6,SALES/ISSUE
MV-00753,2026-04-02,SKU-011,OUT,247,SALES/ISSUE
MV-00754,2026-04-02,SKU-013,OUT,5,SALES/ISSUE
MV-00755,2026-04-02,SKU-015,OUT,6,SALES/ISSUE
MV-00756,2026-04-02,SKU-016,OUT,5,SALES/ISSUE
MV-00757,2026-04-02,SKU-017,OUT,76,SALES/ISSUE
MV-00758,2026-04-02,SKU-018,OUT,21,SALES/ISSUE
MV-00759,2026-04-02,SKU-024,OUT,20,SALES/ISSUE
MV-00760,2026-04-03,SKU-007,OUT,11,SALES/ISSUE
MV-00761,2026-04-03,SKU-012,OUT,8,SALES/ISSUE
MV-00762,2026-04-03,SKU-014,OUT,42,SALES/ISSUE
MV-00763,2026-04-03,SKU-020,OUT,78,SALES/ISSUE
MV-00764,2026-04-04,SKU-001,OUT,1110,SALES/ISSUE
MV-00765,2026-04-04,SKU-002,OUT,497,SALES/ISSUE
MV-00766,2026-04-04,SKU-005,OUT,25,SALES/ISSUE
MV-00767,2026-04-04,SKU-023,OUT,11,SALES/ISSUE
MV-00768,2026-04-06,SKU-003,IN,132,PO-003-260330
MV-00769,2026-04-06,SKU-008,IN,44,PO-008-260323
MV-00770,2026-04-06,SKU-013,IN,26,PO-013-260323
MV-00771,2026-04-07,SKU-002,IN,1100,PO-002-260330
MV-00772,2026-04-07,SKU-012,IN,35,PO-012-260323
MV-00773,2026-04-08,SKU-001,IN,2640,PO-001-260330
MV-00774,2026-04-08,SKU-005,OUT,22,SALES/ISSUE
MV-00775,2026-04-08,SKU-009,OUT,4,SALES/ISSUE
MV-00776,2026-04-08,SKU-015,OUT,5,SALES/ISSUE
MV-00777,2026-04-08,SKU-016,OUT,7,SALES/ISSUE
MV-00778,2026-04-09,SKU-001,OUT,492,SALES/ISSUE
MV-00779,2026-04-09,SKU-007,OUT,14,SALES/ISSUE
MV-00780,2026-04-09,SKU-010,OUT,5,SALES/ISSUE
MV-00781,2026-04-09,SKU-013,OUT,5,SALES/ISSUE
MV-00782,2026-04-09,SKU-018,OUT,18,SALES/ISSUE
MV-00783,2026-04-09,SKU-019,OUT,25,SALES/ISSUE
MV-00784,2026-04-10,SKU-002,OUT,469,SALES/ISSUE
MV-00785,2026-04-10,SKU-004,OUT,214,SALES/ISSUE
MV-00786,2026-04-10,SKU-008,OUT,7,SALES/ISSUE
MV-00787,2026-04-10,SKU-011,OUT,197,SALES/ISSUE
MV-00788,2026-04-10,SKU-024,OUT,20,SALES/ISSUE
MV-00789,2026-04-11,SKU-003,OUT,147,SALES/ISSUE
MV-00790,2026-04-11,SKU-006,OUT,11,SALES/ISSUE
MV-00791,2026-04-11,SKU-012,OUT,6,SALES/ISSUE
MV-00792,2026-04-11,SKU-014,OUT,48,SALES/ISSUE
MV-00793,2026-04-11,SKU-017,OUT,47,SALES/ISSUE
MV-00794,2026-04-11,SKU-020,OUT,91,SALES/ISSUE
MV-00795,2026-04-11,SKU-023,OUT,12,SALES/ISSUE
MV-00796,2026-04-13,SKU-003,IN,132,PO-003-260406
MV-00797,2026-04-13,SKU-007,IN,52,PO-007-260330
MV-00798,2026-04-13,SKU-016,IN,35,PO-016-260330
MV-00799,2026-04-14,SKU-010,IN,22,PO-010-260330
MV-00800,2026-04-14,SKU-024,IN,88,PO-024-260330
MV-00801,2026-04-15,SKU-006,IN,61,PO-006-260330
MV-00802,2026-04-15,SKU-009,OUT,6,SALES/ISSUE
MV-00803,2026-04-15,SKU-011,IN,726,PO-011-260406
MV-00804,2026-04-15,SKU-012,OUT,8,SALES/ISSUE
MV-00805,2026-04-15,SKU-016,OUT,8,SALES/ISSUE
MV-00806,2026-04-15,SKU-019,OUT,27,SALES/ISSUE
MV-00807,2026-04-15,SKU-021,OUT,2,SALES/ISSUE
MV-00808,2026-04-15,SKU-023,OUT,11,SALES/ISSUE
MV-00809,2026-04-16,SKU-008,OUT,10,SALES/ISSUE
MV-00810,2026-04-16,SKU-011,OUT,179,SALES/ISSUE
MV-00811,2026-04-16,SKU-014,OUT,47,SALES/ISSUE
MV-00812,2026-04-16,SKU-020,OUT,73,SALES/ISSUE
MV-00813,2026-04-17,SKU-001,OUT,530,SALES/ISSUE
MV-00814,2026-04-17,SKU-002,OUT,549,SALES/ISSUE
MV-00815,2026-04-17,SKU-004,OUT,273,SALES/ISSUE
MV-00816,2026-04-17,SKU-006,OUT,10,SALES/ISSUE
MV-00817,2026-04-17,SKU-007,OUT,12,SALES/ISSUE
MV-00818,2026-04-17,SKU-015,OUT,6,SALES/ISSUE
MV-00819,2026-04-17,SKU-017,OUT,43,SALES/ISSUE
MV-00820,2026-04-17,SKU-018,OUT,17,SALES/ISSUE
MV-00821,2026-04-17,SKU-022,OUT,1,SALES/ISSUE
MV-00822,2026-04-17,SKU-024,OUT,18,SALES/ISSUE
MV-00823,2026-04-18,SKU-003,OUT,115,SALES/ISSUE
MV-00824,2026-04-18,SKU-005,OUT,24,SALES/ISSUE
MV-00825,2026-04-18,SKU-010,OUT,4,SALES/ISSUE
MV-00826,2026-04-18,SKU-013,OUT,5,SALES/ISSUE
MV-00827,2026-04-20,SKU-009,IN,26,PO-009-260406
MV-00828,2026-04-20,SKU-021,IN,8,PO-021-260330
MV-00829,2026-04-21,SKU-003,IN,132,PO-003-260413
MV-00830,2026-04-22,SKU-001,OUT,519,SALES/ISSUE
MV-00831,2026-04-22,SKU-011,OUT,230,SALES/ISSUE
MV-00832,2026-04-22,SKU-013,OUT,5,SALES/ISSUE
MV-00833,2026-04-22,SKU-014,OUT,50,SALES/ISSUE
MV-00834,2026-04-22,SKU-021,OUT,1,SALES/ISSUE
MV-00835,2026-04-22,SKU-023,OUT,11,SALES/ISSUE
MV-00836,2026-04-23,SKU-002,OUT,467,SALES/ISSUE
MV-00837,2026-04-23,SKU-003,OUT,111,SALES/ISSUE
MV-00838,2026-04-23,SKU-009,OUT,6,SALES/ISSUE
MV-00839,2026-04-23,SKU-022,OUT,1,SALES/ISSUE
MV-00840,2026-04-24,SKU-006,OUT,11,SALES/ISSUE
MV-00841,2026-04-24,SKU-012,OUT,8,SALES/ISSUE
MV-00842,2026-04-24,SKU-019,OUT,25,SALES/ISSUE
MV-00843,2026-04-24,SKU-024,OUT,17,SALES/ISSUE
MV-00844,2026-04-25,SKU-004,OUT,252,SALES/ISSUE
MV-00845,2026-04-25,SKU-005,OUT,27,SALES/ISSUE
MV-00846,2026-04-25,SKU-007,OUT,13,SALES/ISSUE
MV-00847,2026-04-25,SKU-008,OUT,12,SALES/ISSUE
MV-00848,2026-04-25,SKU-010,OUT,4,SALES/ISSUE
MV-00849,2026-04-25,SKU-015,OUT,5,SALES/ISSUE
MV-00850,2026-04-25,SKU-016,OUT,8,SALES/ISSUE
MV-00851,2026-04-25,SKU-017,OUT,36,SALES/ISSUE
MV-00852,2026-04-25,SKU-018,OUT,19,SALES/ISSUE
MV-00853,2026-04-25,SKU-020,OUT,75,SALES/ISSUE
MV-00854,2026-04-27,SKU-020,IN,352,PO-020-260413
MV-00855,2026-04-28,SKU-002,IN,1100,PO-002-260420
MV-00856,2026-04-29,SKU-002,OUT,591,SALES/ISSUE
MV-00857,2026-04-29,SKU-003,IN,132,PO-003-260420
MV-00858,2026-04-29,SKU-003,OUT,137,SALES/ISSUE
MV-00859,2026-04-29,SKU-004,IN,1100,PO-004-260420
MV-00860,2026-04-29,SKU-007,OUT,13,SALES/ISSUE
MV-00861,2026-04-29,SKU-008,OUT,9,SALES/ISSUE
MV-00862,2026-04-29,SKU-009,OUT,6,SALES/ISSUE
MV-00863,2026-04-29,SKU-014,OUT,50,SALES/ISSUE
MV-00864,2026-04-30,SKU-005,OUT,23,SALES/ISSUE
MV-00865,2026-04-30,SKU-010,OUT,5,SALES/ISSUE
MV-00866,2026-04-30,SKU-013,OUT,6,SALES/ISSUE
MV-00867,2026-04-30,SKU-019,OUT,32,SALES/ISSUE
MV-00868,2026-04-30,SKU-020,OUT,85,SALES/ISSUE
MV-00869,2026-05-01,SKU-004,OUT,272,SALES/ISSUE
MV-00870,2026-05-01,SKU-016,OUT,8,SALES/ISSUE
MV-00871,2026-05-01,SKU-017,OUT,50,SALES/ISSUE
MV-00872,2026-05-01,SKU-023,OUT,10,SALES/ISSUE
MV-00873,2026-05-02,SKU-001,OUT,483,SALES/ISSUE
MV-00874,2026-05-02,SKU-006,OUT,12,SALES/ISSUE
MV-00875,2026-05-02,SKU-011,OUT,216,SALES/ISSUE
MV-00876,2026-05-02,SKU-012,OUT,8,SALES/ISSUE
MV-00877,2026-05-02,SKU-015,OUT,4,SALES/ISSUE
MV-00878,2026-05-02,SKU-018,OUT,15,SALES/ISSUE
MV-00879,2026-05-02,SKU-024,OUT,22,SALES/ISSUE
MV-00880,2026-05-04,SKU-003,IN,132,PO-003-260427
MV-00881,2026-05-05,SKU-005,IN,165,PO-005-260420
MV-00882,2026-05-05,SKU-008,IN,44,PO-008-260420
MV-00883,2026-05-05,SKU-014,IN,198,PO-014-260420
MV-00884,2026-05-06,SKU-002,OUT,709,SALES/ISSUE
MV-00885,2026-05-06,SKU-005,OUT,24,SALES/ISSUE
MV-00886,2026-05-06,SKU-010,OUT,3,SALES/ISSUE
MV-00887,2026-05-06,SKU-013,OUT,7,SALES/ISSUE
MV-00888,2026-05-06,SKU-017,OUT,42,SALES/ISSUE
MV-00889,2026-05-06,SKU-019,IN,132,PO-019-260420
MV-00890,2026-05-06,SKU-022,OUT,1,SALES/ISSUE
MV-00891,2026-05-06,SKU-023,IN,79,PO-023-260420
MV-00892,2026-05-07,SKU-008,OUT,8,SALES/ISSUE
MV-00893,2026-05-07,SKU-012,OUT,8,SALES/ISSUE
MV-00894,2026-05-07,SKU-018,OUT,14,SALES/ISSUE
MV-00895,2026-05-07,SKU-019,OUT,30,SALES/ISSUE
MV-00896,2026-05-07,SKU-023,OUT,13,SALES/ISSUE
MV-00897,2026-05-08,SKU-004,OUT,304,SALES/ISSUE
MV-00898,2026-05-08,SKU-007,OUT,13,SALES/ISSUE
MV-00899,2026-05-08,SKU-011,OUT,261,SALES/ISSUE
MV-00900,2026-05-08,SKU-020,OUT,77,SALES/ISSUE
MV-00901,2026-05-09,SKU-001,OUT,516,SALES/ISSUE
MV-00902,2026-05-09,SKU-003,OUT,110,SALES/ISSUE
MV-00903,2026-05-09,SKU-006,OUT,12,SALES/ISSUE
MV-00904,2026-05-09,SKU-009,OUT,6,SALES/ISSUE
MV-00905,2026-05-09,SKU-014,OUT,50,SALES/ISSUE
MV-00906,2026-05-09,SKU-015,OUT,6,SALES/ISSUE
MV-00907,2026-05-09,SKU-016,OUT,7,SALES/ISSUE
MV-00908,2026-05-09,SKU-024,OUT,19,SALES/ISSUE
MV-00909,2026-05-11,SKU-013,IN,26,PO-013-260427
MV-00910,2026-05-12,SKU-001,IN,2640,PO-001-260504
MV-00911,2026-05-12,SKU-003,IN,132,PO-003-260504
MV-00912,2026-05-12,SKU-007,IN,52,PO-007-260427
MV-00913,2026-05-12,SKU-015,IN,39,PO-015-260427
MV-00914,2026-05-13,SKU-002,IN,1100,PO-002-260504
MV-00915,2026-05-13,SKU-003,OUT,117,SALES/ISSUE
MV-00916,2026-05-13,SKU-004,OUT,202,SALES/ISSUE
MV-00917,2026-05-13,SKU-005,OUT,27,SALES/ISSUE
MV-00918,2026-05-13,SKU-006,OUT,10,SALES/ISSUE
MV-00919,2026-05-13,SKU-008,OUT,10,SALES/ISSUE
MV-00920,2026-05-13,SKU-009,OUT,6,SALES/ISSUE
MV-00921,2026-05-13,SKU-011,IN,726,PO-011-260504
MV-00922,2026-05-13,SKU-011,OUT,274,SALES/ISSUE
MV-00923,2026-05-13,SKU-012,IN,35,PO-012-260427
MV-00924,2026-05-13,SKU-014,OUT,41,SALES/ISSUE
MV-00925,2026-05-13,SKU-017,IN,242,PO-017-260427
MV-00926,2026-05-13,SKU-017,OUT,40,SALES/ISSUE
MV-00927,2026-05-13,SKU-021,OUT,1,SALES/ISSUE
MV-00928,2026-05-14,SKU-002,OUT,603,SALES/ISSUE
MV-00929,2026-05-14,SKU-007,OUT,11,SALES/ISSUE
MV-00930,2026-05-14,SKU-015,OUT,5,SALES/ISSUE
MV-00931,2026-05-14,SKU-018,OUT,18,SALES/ISSUE
MV-00932,2026-05-14,SKU-020,OUT,64,SALES/ISSUE
MV-00933,2026-05-14,SKU-024,OUT,18,SALES/ISSUE
MV-00934,2026-05-15,SKU-001,OUT,461,SALES/ISSUE
MV-00935,2026-05-15,SKU-010,OUT,4,SALES/ISSUE
MV-00936,2026-05-15,SKU-012,OUT,8,SALES/ISSUE
MV-00937,2026-05-15,SKU-013,OUT,5,SALES/ISSUE
MV-00938,2026-05-15,SKU-016,OUT,8,SALES/ISSUE
MV-00939,2026-05-15,SKU-019,OUT,29,SALES/ISSUE
MV-00940,2026-05-15,SKU-022,OUT,1,SALES/ISSUE
MV-00941,2026-05-16,SKU-023,OUT,14,SALES/ISSUE
MV-00942,2026-05-18,SKU-002,IN,1100,PO-002-260511
MV-00943,2026-05-18,SKU-009,IN,26,PO-009-260504
MV-00944,2026-05-18,SKU-010,IN,22,PO-010-260504
MV-00945,2026-05-19,SKU-016,IN,35,PO-016-260504
MV-00946,2026-05-20,SKU-003,IN,132,PO-003-260511
MV-00947,2026-05-20,SKU-009,OUT,3,SALES/ISSUE
MV-00948,2026-05-20,SKU-013,OUT,5,SALES/ISSUE
MV-00949,2026-05-20,SKU-015,OUT,6,SALES/ISSUE
MV-00950,2026-05-20,SKU-024,IN,88,PO-024-260504
MV-00951,2026-05-21,SKU-006,OUT,11,SALES/ISSUE
MV-00952,2026-05-21,SKU-010,OUT,3,SALES/ISSUE
MV-00953,2026-05-21,SKU-017,OUT,47,SALES/ISSUE
MV-00954,2026-05-21,SKU-018,OUT,16,SALES/ISSUE
MV-00955,2026-05-21,SKU-023,OUT,9,SALES/ISSUE
MV-00956,2026-05-21,SKU-024,OUT,18,SALES/ISSUE
MV-00957,2026-05-22,SKU-001,OUT,452,SALES/ISSUE
MV-00958,2026-05-22,SKU-002,OUT,429,SALES/ISSUE
MV-00959,2026-05-22,SKU-003,OUT,112,SALES/ISSUE
MV-00960,2026-05-22,SKU-007,OUT,13,SALES/ISSUE
MV-00961,2026-05-22,SKU-016,OUT,9,SALES/ISSUE
MV-00962,2026-05-23,SKU-004,OUT,247,SALES/ISSUE
MV-00963,2026-05-23,SKU-005,OUT,19,SALES/ISSUE
MV-00964,2026-05-23,SKU-008,OUT,8,SALES/ISSUE
MV-00965,2026-05-23,SKU-011,OUT,186,SALES/ISSUE
MV-00966,2026-05-23,SKU-012,OUT,7,SALES/ISSUE
MV-00967,2026-05-23,SKU-014,OUT,48,SALES/ISSUE
MV-00968,2026-05-23,SKU-019,OUT,29,SALES/ISSUE
MV-00969,2026-05-23,SKU-020,OUT,63,SALES/ISSUE
MV-00970,2026-05-23,SKU-022,OUT,1,SALES/ISSUE
MV-00971,2026-05-27,SKU-003,OUT,107,SALES/ISSUE
MV-00972,2026-05-27,SKU-004,IN,1100,PO-004-260518
MV-00973,2026-05-27,SKU-006,OUT,12,SALES/ISSUE
MV-00974,2026-05-27,SKU-009,OUT,7,SALES/ISSUE
MV-00975,2026-05-27,SKU-011,OUT,221,SALES/ISSUE
MV-00976,2026-05-27,SKU-016,OUT,7,SALES/ISSUE
MV-00977,2026-05-27,SKU-022,OUT,1,SALES/ISSUE
MV-00978,2026-05-27,SKU-023,OUT,13,SALES/ISSUE
MV-00979,2026-05-27,SKU-024,OUT,19,SALES/ISSUE
MV-00980,2026-05-28,SKU-004,OUT,234,SALES/ISSUE
MV-00981,2026-05-28,SKU-010,OUT,3,SALES/ISSUE
MV-00982,2026-05-28,SKU-013,OUT,4,SALES/ISSUE
MV-00983,2026-05-28,SKU-014,OUT,45,SALES/ISSUE
MV-00984,2026-05-29,SKU-001,OUT,464,SALES/ISSUE
MV-00985,2026-05-29,SKU-008,OUT,11,SALES/ISSUE
MV-00986,2026-05-29,SKU-012,OUT,8,SALES/ISSUE
MV-00987,2026-05-29,SKU-018,OUT,17,SALES/ISSUE
MV-00988,2026-05-30,SKU-002,OUT,597,SALES/ISSUE
MV-00989,2026-05-30,SKU-005,OUT,20,SALES/ISSUE
MV-00990,2026-05-30,SKU-007,OUT,15,SALES/ISSUE
MV-00991,2026-05-30,SKU-015,OUT,6,SALES/ISSUE
MV-00992,2026-05-30,SKU-017,OUT,47,SALES/ISSUE
MV-00993,2026-05-30,SKU-019,OUT,24,SALES/ISSUE
MV-00994,2026-05-30,SKU-020,OUT,87,SALES/ISSUE
MV-00995,2026-06-01,SKU-002,IN,1100,PO-002-260525
MV-00996,2026-06-01,SKU-019,IN,132,PO-019-260518
MV-00997,2026-06-02,SKU-003,IN,132,PO-003-260525
MV-00998,2026-06-03,SKU-005,OUT,17,SALES/ISSUE
MV-00999,2026-06-03,SKU-011,IN,726,PO-011-260525
MV-01000,2026-06-03,SKU-013,OUT,6,SALES/ISSUE
MV-01001,2026-06-03,SKU-014,IN,198,PO-014-260518
MV-01002,2026-06-03,SKU-015,OUT,7,SALES/ISSUE
MV-01003,2026-06-03,SKU-020,IN,352,PO-020-260518
MV-01004,2026-06-03,SKU-024,OUT,18,SALES/ISSUE
MV-01005,2026-06-04,SKU-001,OUT,566,SALES/ISSUE
MV-01006,2026-06-04,SKU-003,OUT,94,SALES/ISSUE
MV-01007,2026-06-04,SKU-020,OUT,102,SALES/ISSUE
MV-01008,2026-06-04,SKU-022,OUT,2,SALES/ISSUE
MV-01009,2026-06-04,SKU-023,OUT,11,SALES/ISSUE
MV-01010,2026-06-05,SKU-004,OUT,269,SALES/ISSUE
MV-01011,2026-06-05,SKU-009,OUT,4,SALES/ISSUE
MV-01012,2026-06-05,SKU-010,OUT,5,SALES/ISSUE
MV-01013,2026-06-05,SKU-011,OUT,200,SALES/ISSUE
MV-01014,2026-06-05,SKU-012,OUT,9,SALES/ISSUE
MV-01015,2026-06-05,SKU-018,OUT,15,SALES/ISSUE
MV-01016,2026-06-05,SKU-019,OUT,30,SALES/ISSUE
MV-01017,2026-06-06,SKU-002,OUT,552,SALES/ISSUE
MV-01018,2026-06-06,SKU-006,OUT,8,SALES/ISSUE
MV-01019,2026-06-06,SKU-007,OUT,15,SALES/ISSUE
MV-01020,2026-06-06,SKU-008,OUT,9,SALES/ISSUE
MV-01021,2026-06-06,SKU-014,OUT,31,SALES/ISSUE
MV-01022,2026-06-06,SKU-016,OUT,7,SALES/ISSUE
MV-01023,2026-06-06,SKU-017,OUT,43,SALES/ISSUE
MV-01024,2026-06-08,SKU-006,IN,61,PO-006-260525
MV-01025,2026-06-09,SKU-003,IN,132,PO-003-260601
MV-01026,2026-06-09,SKU-012,IN,35,PO-012-260525
MV-01027,2026-06-10,SKU-005,OUT,27,SALES/ISSUE
MV-01028,2026-06-10,SKU-007,IN,52,PO-007-260525
MV-01029,2026-06-10,SKU-008,IN,44,PO-008-260525
MV-01030,2026-06-10,SKU-017,OUT,41,SALES/ISSUE
MV-01031,2026-06-10,SKU-024,OUT,20,SALES/ISSUE
MV-01032,2026-06-11,SKU-002,OUT,574,SALES/ISSUE
MV-01033,2026-06-11,SKU-003,OUT,150,SALES/ISSUE
MV-01034,2026-06-11,SKU-009,OUT,4,SALES/ISSUE
MV-01035,2026-06-11,SKU-010,OUT,4,SALES/ISSUE
MV-01036,2026-06-11,SKU-011,OUT,234,SALES/ISSUE
MV-01037,2026-06-11,SKU-012,OUT,9,SALES/ISSUE
MV-01038,2026-06-11,SKU-013,OUT,7,SALES/ISSUE
MV-01039,2026-06-11,SKU-018,OUT,16,SALES/ISSUE
MV-01040,2026-06-11,SKU-020,OUT,79,SALES/ISSUE
MV-01041,2026-06-11,SKU-023,OUT,12,SALES/ISSUE
MV-01042,2026-06-12,SKU-001,OUT,535,SALES/ISSUE
MV-01043,2026-06-12,SKU-006,OUT,8,SALES/ISSUE
MV-01044,2026-06-12,SKU-007,OUT,14,SALES/ISSUE
MV-01045,2026-06-12,SKU-008,OUT,9,SALES/ISSUE
MV-01046,2026-06-12,SKU-014,OUT,37,SALES/ISSUE
MV-01047,2026-06-12,SKU-015,OUT,4,SALES/ISSUE
MV-01048,2026-06-12,SKU-016,OUT,8,SALES/ISSUE
MV-01049,2026-06-12,SKU-019,OUT,22,SALES/ISSUE
MV-01050,2026-06-12,SKU-022,OUT,1,SALES/ISSUE
MV-01051,2026-06-13,SKU-004,OUT,229,SALES/ISSUE
MV-01052,2026-06-15,SKU-003,IN,132,PO-003-260608
MV-01053,2026-06-16,SKU-002,IN,1100,PO-002-260608
MV-01054,2026-06-16,SKU-013,IN,26,PO-013-260601
MV-01055,2026-06-17,SKU-001,OUT,383,SALES/ISSUE
MV-01056,2026-06-17,SKU-005,OUT,24,SALES/ISSUE
MV-01057,2026-06-17,SKU-009,OUT,6,SALES/ISSUE
MV-01058,2026-06-17,SKU-014,OUT,43,SALES/ISSUE
MV-01059,2026-06-17,SKU-019,OUT,31,SALES/ISSUE
MV-01060,2026-06-17,SKU-020,OUT,97,SALES/ISSUE
MV-01061,2026-06-17,SKU-022,OUT,2,SALES/ISSUE
MV-01062,2026-06-17,SKU-024,OUT,19,SALES/ISSUE
MV-01063,2026-06-18,SKU-012,OUT,8,SALES/ISSUE
MV-01064,2026-06-18,SKU-013,OUT,5,SALES/ISSUE
MV-01065,2026-06-18,SKU-015,OUT,5,SALES/ISSUE
MV-01066,2026-06-18,SKU-018,OUT,18,SALES/ISSUE
MV-01067,2026-06-18,SKU-023,OUT,12,SALES/ISSUE
MV-01068,2026-06-19,SKU-007,OUT,12,SALES/ISSUE
MV-01069,2026-06-19,SKU-008,OUT,9,SALES/ISSUE
MV-01070,2026-06-19,SKU-010,OUT,6,SALES/ISSUE
MV-01071,2026-06-19,SKU-017,OUT,55,SALES/ISSUE
MV-01072,2026-06-20,SKU-002,OUT,597,SALES/ISSUE
MV-01073,2026-06-20,SKU-003,OUT,104,SALES/ISSUE
MV-01074,2026-06-20,SKU-004,OUT,250,SALES/ISSUE
MV-01075,2026-06-20,SKU-006,OUT,13,SALES/ISSUE
MV-01076,2026-06-20,SKU-011,OUT,203,SALES/ISSUE
MV-01077,2026-06-20,SKU-016,OUT,8,SALES/ISSUE
MV-01078,2026-06-22,SKU-023,IN,79,PO-023-260608
MV-01079,2026-06-23,SKU-016,IN,35,PO-016-260608
MV-01080,2026-06-23,SKU-024,IN,88,PO-024-260608
MV-01081,2026-06-24,SKU-001,IN,2640,PO-001-260615
MV-01082,2026-06-24,SKU-003,IN,132,PO-003-260615
MV-01083,2026-06-24,SKU-004,OUT,213,SALES/ISSUE
MV-01084,2026-06-24,SKU-005,IN,165,PO-005-260608
MV-01085,2026-06-24,SKU-006,OUT,12,SALES/ISSUE
MV-01086,2026-06-24,SKU-011,IN,726,PO-011-260615
MV-01087,2026-06-24,SKU-017,IN,242,PO-017-260608
MV-01088,2026-06-24,SKU-017,OUT,50,SALES/ISSUE
MV-01089,2026-06-24,SKU-018,OUT,15,SALES/ISSUE
MV-01090,2026-06-24,SKU-019,OUT,29,SALES/ISSUE
MV-01091,2026-06-24,SKU-022,OUT,2,SALES/ISSUE
MV-01092,2026-06-25,SKU-002,OUT,577,SALES/ISSUE
MV-01093,2026-06-25,SKU-007,OUT,13,SALES/ISSUE
MV-01094,2026-06-25,SKU-008,OUT,9,SALES/ISSUE
MV-01095,2026-06-25,SKU-009,OUT,7,SALES/ISSUE
MV-01096,2026-06-25,SKU-014,OUT,43,SALES/ISSUE
MV-01097,2026-06-25,SKU-016,OUT,6,SALES/ISSUE
MV-01098,2026-06-26,SKU-001,OUT,489,SALES/ISSUE
MV-01099,2026-06-26,SKU-010,OUT,5,SALES/ISSUE
MV-01100,2026-06-26,SKU-011,OUT,250,SALES/ISSUE
MV-01101,2026-06-26,SKU-012,OUT,8,SALES/ISSUE
MV-01102,2026-06-26,SKU-021,OUT,1,SALES/ISSUE
MV-01103,2026-06-26,SKU-023,OUT,12,SALES/ISSUE
MV-01104,2026-06-26,SKU-024,OUT,21,SALES/ISSUE
MV-01105,2026-06-27,SKU-003,OUT,161,SALES/ISSUE
MV-01106,2026-06-27,SKU-005,OUT,28,SALES/ISSUE
MV-01107,2026-06-27,SKU-013,OUT,6,SALES/ISSUE
MV-01108,2026-06-27,SKU-015,OUT,7,SALES/ISSUE
MV-01109,2026-06-27,SKU-020,OUT,73,SALES/ISSUE
MV-01110,2026-06-29,SKU-003,IN,132,PO-003-260622
MV-01111,2026-06-29,SKU-004,IN,1100,PO-004-260622
MV-01112,2026-06-29,SKU-009,IN,26,PO-009-260615
MV-01113,2026-06-30,SKU-002,IN,1100,PO-002-260622
MV-01114,2026-06-30,SKU-015,IN,39,PO-015-260615
MV-01115,2026-06-30,SKU-020,IN,352,PO-020-260615
MV-01116,2026-07-01,SKU-004,OUT,259,SALES/ISSUE
MV-01117,2026-07-01,SKU-008,OUT,8,SALES/ISSUE
MV-01118,2026-07-01,SKU-010,IN,22,PO-010-260615
MV-01119,2026-07-01,SKU-016,OUT,8,SALES/ISSUE
MV-01120,2026-07-01,SKU-018,IN,110,PO-018-260615
MV-01121,2026-07-01,SKU-022,OUT,1,SALES/ISSUE
MV-01122,2026-07-01,SKU-023,OUT,9,SALES/ISSUE
MV-01123,2026-07-02,SKU-003,OUT,114,SALES/ISSUE
MV-01124,2026-07-02,SKU-017,OUT,39,SALES/ISSUE
MV-01125,2026-07-02,SKU-018,OUT,15,SALES/ISSUE
MV-01126,2026-07-02,SKU-020,OUT,80,SALES/ISSUE
MV-01127,2026-07-03,SKU-001,OUT,520,SALES/ISSUE
MV-01128,2026-07-03,SKU-002,OUT,472,SALES/ISSUE
MV-01129,2026-07-03,SKU-006,OUT,9,SALES/ISSUE
MV-01130,2026-07-03,SKU-010,OUT,3,SALES/ISSUE
MV-01131,2026-07-03,SKU-012,OUT,8,SALES/ISSUE
MV-01132,2026-07-03,SKU-013,OUT,5,SALES/ISSUE
MV-01133,2026-07-03,SKU-014,OUT,39,SALES/ISSUE
MV-01134,2026-07-03,SKU-024,OUT,19,SALES/ISSUE
MV-01135,2026-07-04,SKU-005,OUT,24,SALES/ISSUE
MV-01136,2026-07-04,SKU-007,OUT,15,SALES/ISSUE
MV-01137,2026-07-04,SKU-009,OUT,5,SALES/ISSUE
MV-01138,2026-07-04,SKU-011,OUT,194,SALES/ISSUE
MV-01139,2026-07-04,SKU-015,OUT,5,SALES/ISSUE
MV-01140,2026-07-04,SKU-019,OUT,31,SALES/ISSUE
MV-01141,2026-07-06,SKU-003,IN,132,PO-003-260629
MV-01142,2026-07-06,SKU-012,IN,35,PO-012-260622
MV-01143,2026-07-06,SKU-019,IN,132,PO-019-260622
MV-01144,2026-07-07,SKU-007,IN,52,PO-007-260622
MV-01145,2026-07-08,SKU-014,IN,198,PO-014-260622
MV-01146,2026-07-08,SKU-016,OUT,6,SALES/ISSUE
MV-01147,2026-07-08,SKU-022,IN,17,PO-022-260622
MV-01148,2026-07-09,SKU-003,OUT,144,SALES/ISSUE
MV-01149,2026-07-09,SKU-008,OUT,10,SALES/ISSUE
MV-01150,2026-07-09,SKU-012,OUT,7,SALES/ISSUE
MV-01151,2026-07-09,SKU-017,OUT,55,SALES/ISSUE
MV-01152,2026-07-09,SKU-019,OUT,29,SALES/ISSUE
MV-01153,2026-07-09,SKU-022,OUT,2,SALES/ISSUE
MV-01154,2026-07-10,SKU-001,OUT,525,SALES/ISSUE
MV-01155,2026-07-10,SKU-002,OUT,589,SALES/ISSUE
MV-01156,2026-07-10,SKU-004,OUT,268,SALES/ISSUE
MV-01157,2026-07-10,SKU-005,OUT,29,SALES/ISSUE
MV-01158,2026-07-10,SKU-006,OUT,7,SALES/ISSUE
MV-01159,2026-07-10,SKU-007,OUT,12,SALES/ISSUE
MV-01160,2026-07-10,SKU-010,OUT,4,SALES/ISSUE
MV-01161,2026-07-10,SKU-011,OUT,233,SALES/ISSUE
MV-01162,2026-07-10,SKU-014,OUT,58,SALES/ISSUE
MV-01163,2026-07-10,SKU-020,OUT,82,SALES/ISSUE
MV-01164,2026-07-10,SKU-023,OUT,13,SALES/ISSUE
MV-01165,2026-07-10,SKU-024,OUT,20,SALES/ISSUE
MV-01166,2026-07-11,SKU-009,OUT,6,SALES/ISSUE
MV-01167,2026-07-11,SKU-013,OUT,6,SALES/ISSUE
MV-01168,2026-07-11,SKU-015,OUT,5,SALES/ISSUE
MV-01169,2026-07-11,SKU-018,OUT,16,SALES/ISSUE
MV-01170,2026-07-13,SKU-003,IN,132,PO-003-260706
MV-01171,2026-07-13,SKU-011,IN,726,PO-011-260706
MV-01172,2026-07-14,SKU-005,IN,750,PO-005-260629
MV-01173,2026-07-14,SKU-008,IN,44,PO-008-260629
MV-01174,2026-07-14,SKU-013,IN,26,PO-013-260629
MV-01175,2026-07-15,SKU-001,OUT,453,SALES/ISSUE
MV-01176,2026-07-15,SKU-002,IN,1100,PO-002-260706
MV-01177,2026-07-15,SKU-008,OUT,6,SALES/ISSUE
MV-01178,2026-07-15,SKU-016,OUT,8,SALES/ISSUE
MV-01179,2026-07-15,SKU-018,OUT,20,SALES/ISSUE
MV-01180,2026-07-15,SKU-022,IN,60,PO-022-260629
MV-01181,2026-07-16,SKU-005,OUT,22,SALES/ISSUE
MV-01182,2026-07-16,SKU-011,OUT,170,SALES/ISSUE
MV-01183,2026-07-16,SKU-014,OUT,54,SALES/ISSUE
MV-01184,2026-07-16,SKU-015,OUT,4,SALES/ISSUE
MV-01185,2026-07-16,SKU-017,OUT,49,SALES/ISSUE
MV-01186,2026-07-17,SKU-002,OUT,605,SALES/ISSUE
MV-01187,2026-07-17,SKU-004,OUT,181,SALES/ISSUE
MV-01188,2026-07-17,SKU-009,OUT,5,SALES/ISSUE
MV-01189,2026-07-17,SKU-012,OUT,7,SALES/ISSUE
MV-01190,2026-07-17,SKU-019,OUT,21,SALES/ISSUE
MV-01191,2026-07-17,SKU-023,OUT,10,SALES/ISSUE
MV-01192,2026-07-17,SKU-024,OUT,16,SALES/ISSUE
MV-01193,2026-07-18,SKU-003,OUT,116,SALES/ISSUE
MV-01194,2026-07-18,SKU-006,OUT,14,SALES/ISSUE
MV-01195,2026-07-18,SKU-007,OUT,12,SALES/ISSUE
MV-01196,2026-07-18,SKU-010,OUT,4,SALES/ISSUE
MV-01197,2026-07-18,SKU-013,OUT,5,SALES/ISSUE
MV-01198,2026-07-18,SKU-020,OUT,79,SALES/ISSUE
MV-01199,2026-07-20,SKU-016,IN,35,PO-016-260706
MV-01200,2026-07-20,SKU-024,IN,88,PO-024-260706
MV-01201,2026-07-22,SKU-003,IN,132,PO-003-260713
MV-01202,2026-07-22,SKU-003,OUT,126,SALES/ISSUE
MV-01203,2026-07-22,SKU-005,OUT,20,SALES/ISSUE
MV-01204,2026-07-22,SKU-010,OUT,4,SALES/ISSUE
MV-01205,2026-07-22,SKU-011,OUT,197,SALES/ISSUE
MV-01206,2026-07-22,SKU-014,OUT,43,SALES/ISSUE
MV-01207,2026-07-22,SKU-018,OUT,17,SALES/ISSUE
MV-01208,2026-07-22,SKU-019,OUT,33,SALES/ISSUE
MV-01209,2026-07-22,SKU-021,IN,30,PO-021-260629
MV-01210,2026-07-23,SKU-001,OUT,529,SALES/ISSUE
MV-01211,2026-07-23,SKU-006,OUT,11,SALES/ISSUE
MV-01212,2026-07-23,SKU-009,OUT,8,SALES/ISSUE
MV-01213,2026-07-23,SKU-012,OUT,8,SALES/ISSUE
MV-01214,2026-07-23,SKU-015,OUT,7,SALES/ISSUE
MV-01215,2026-07-23,SKU-016,OUT,8,SALES/ISSUE
MV-01216,2026-07-23,SKU-017,OUT,44,SALES/ISSUE
MV-01217,2026-07-23,SKU-020,OUT,64,SALES/ISSUE
MV-01218,2026-07-23,SKU-022,OUT,2,SALES/ISSUE
MV-01219,2026-07-24,SKU-002,OUT,669,SALES/ISSUE
MV-01220,2026-07-24,SKU-004,OUT,252,SALES/ISSUE
MV-01221,2026-07-24,SKU-007,OUT,17,SALES/ISSUE
MV-01222,2026-07-24,SKU-008,OUT,10,SALES/ISSUE
MV-01223,2026-07-24,SKU-013,OUT,4,SALES/ISSUE
MV-01224,2026-07-24,SKU-023,OUT,8,SALES/ISSUE
MV-01225,2026-07-24,SKU-024,OUT,15,SALES/ISSUE
MV-01226,2026-07-27,SKU-003,IN,132,PO-003-260720
MV-01227,2026-07-27,SKU-006,IN,61,PO-006-260713
MV-01228,2026-07-28,SKU-001,IN,2640,PO-001-260720
MV-01229,2026-07-29,SKU-001,OUT,406,SALES/ISSUE
MV-01230,2026-07-29,SKU-002,IN,1100,PO-002-260720
MV-01231,2026-07-29,SKU-002,OUT,515,SALES/ISSUE
MV-01232,2026-07-29,SKU-004,IN,1100,PO-004-260720
MV-01233,2026-07-29,SKU-005,OUT,22,SALES/ISSUE
MV-01234,2026-07-29,SKU-006,OUT,11,SALES/ISSUE
MV-01235,2026-07-29,SKU-007,OUT,12,SALES/ISSUE
MV-01236,2026-07-29,SKU-009,IN,26,PO-009-260713
MV-01237,2026-07-29,SKU-010,OUT,6,SALES/ISSUE
MV-01238,2026-07-29,SKU-011,OUT,223,SALES/ISSUE
MV-01239,2026-07-29,SKU-016,OUT,9,SALES/ISSUE
MV-01240,2026-07-29,SKU-017,IN,242,PO-017-260713
MV-01241,2026-07-29,SKU-019,OUT,28,SALES/ISSUE
MV-01242,2026-07-30,SKU-003,OUT,118,SALES/ISSUE
MV-01243,2026-07-30,SKU-014,OUT,38,SALES/ISSUE
MV-01244,2026-07-30,SKU-015,OUT,5,SALES/ISSUE
MV-01245,2026-07-30,SKU-017,OUT,42,SALES/ISSUE
MV-01246,2026-07-30,SKU-021,OUT,2,SALES/ISSUE
MV-01247,2026-07-30,SKU-022,OUT,2,SALES/ISSUE
MV-01248,2026-07-30,SKU-024,OUT,20,SALES/ISSUE
MV-01249,2026-07-31,SKU-018,OUT,18,SALES/ISSUE
MV-01250,2026-08-01,SKU-004,OUT,298,SALES/ISSUE
MV-01251,2026-08-01,SKU-008,OUT,9,SALES/ISSUE
MV-01252,2026-08-01,SKU-009,OUT,7,SALES/ISSUE
MV-01253,2026-08-01,SKU-012,OUT,8,SALES/ISSUE
MV-01254,2026-08-01,SKU-013,OUT,6,SALES/ISSUE
MV-01255,2026-08-01,SKU-020,OUT,84,SALES/ISSUE
MV-01256,2026-08-01,SKU-023,OUT,11,SALES/ISSUE
MV-01257,2026-08-03,SKU-003,IN,132,PO-003-260727
MV-01258,2026-08-03,SKU-007,IN,52,PO-007-260720
MV-01259,2026-08-03,SKU-020,IN,352,PO-020-260720
MV-01260,2026-08-04,SKU-010,IN,22,PO-010-260720
MV-01261,2026-08-04,SKU-014,IN,198,PO-014-260720
MV-01262,2026-08-05,SKU-001,OUT,427,SALES/ISSUE
MV-01263,2026-08-05,SKU-002,OUT,550,SALES/ISSUE
MV-01264,2026-08-05,SKU-004,OUT,188,SALES/ISSUE
MV-01265,2026-08-05,SKU-008,OUT,11,SALES/ISSUE
MV-01266,2026-08-05,SKU-009,OUT,5,SALES/ISSUE
MV-01267,2026-08-05,SKU-010,OUT,6,SALES/ISSUE
MV-01268,2026-08-05,SKU-012,OUT,8,SALES/ISSUE
MV-01269,2026-08-05,SKU-016,OUT,8,SALES/ISSUE
MV-01270,2026-08-05,SKU-017,OUT,51,SALES/ISSUE
MV-01271,2026-08-05,SKU-018,OUT,17,SALES/ISSUE
MV-01272,2026-08-05,SKU-023,OUT,9,SALES/ISSUE
MV-01273,2026-08-05,SKU-024,OUT,21,SALES/ISSUE
MV-01274,2026-08-06,SKU-005,OUT,27,SALES/ISSUE
MV-01275,2026-08-06,SKU-014,OUT,44,SALES/ISSUE
MV-01276,2026-08-07,SKU-003,OUT,116,SALES/ISSUE
MV-01277,2026-08-07,SKU-006,OUT,10,SALES/ISSUE
MV-01278,2026-08-07,SKU-013,OUT,5,SALES/ISSUE
MV-01279,2026-08-07,SKU-015,OUT,5,SALES/ISSUE
MV-01280,2026-08-07,SKU-019,OUT,25,SALES/ISSUE
MV-01281,2026-08-07,SKU-021,OUT,1,SALES/ISSUE
MV-01282,2026-08-08,SKU-007,OUT,17,SALES/ISSUE
MV-01283,2026-08-08,SKU-011,OUT,215,SALES/ISSUE
MV-01284,2026-08-08,SKU-020,OUT,64,SALES/ISSUE
MV-01285,2026-08-08,SKU-022,OUT,1,SALES/ISSUE
MV-01286,2026-08-10,SKU-003,IN,132,PO-003-260803
MV-01287,2026-08-10,SKU-011,IN,726,PO-011-260803
MV-01288,2026-08-10,SKU-012,IN,35,PO-012-260727
MV-01289,2026-08-10,SKU-023,IN,312,PO-023-260727
MV-01290,2026-08-11,SKU-002,IN,1100,PO-002-260803
MV-01291,2026-08-12,SKU-017,OUT,44,SALES/ISSUE
MV-01292,2026-08-12,SKU-018,OUT,21,SALES/ISSUE
MV-01293,2026-08-12,SKU-019,IN,132,PO-019-260727
MV-01294,2026-08-13,SKU-002,OUT,546,SALES/ISSUE
MV-01295,2026-08-13,SKU-006,OUT,11,SALES/ISSUE
MV-01296,2026-08-13,SKU-008,OUT,10,SALES/ISSUE
MV-01297,2026-08-13,SKU-009,OUT,6,SALES/ISSUE
MV-01298,2026-08-13,SKU-011,OUT,215,SALES/ISSUE
MV-01299,2026-08-13,SKU-014,OUT,44,SALES/ISSUE
MV-01300,2026-08-13,SKU-020,OUT,89,SALES/ISSUE
MV-01301,2026-08-13,SKU-021,OUT,1,SALES/ISSUE
MV-01302,2026-08-13,SKU-023,OUT,11,SALES/ISSUE
MV-01303,2026-08-14,SKU-005,OUT,30,SALES/ISSUE
MV-01304,2026-08-14,SKU-007,OUT,14,SALES/ISSUE
MV-01305,2026-08-14,SKU-012,OUT,8,SALES/ISSUE
MV-01306,2026-08-14,SKU-013,OUT,6,SALES/ISSUE
MV-01307,2026-08-14,SKU-019,OUT,29,SALES/ISSUE
MV-01308,2026-08-15,SKU-001,OUT,508,SALES/ISSUE
MV-01309,2026-08-15,SKU-003,OUT,123,SALES/ISSUE
MV-01310,2026-08-15,SKU-004,OUT,267,SALES/ISSUE
MV-01311,2026-08-15,SKU-010,OUT,5,SALES/ISSUE
MV-01312,2026-08-15,SKU-015,OUT,5,SALES/ISSUE
MV-01313,2026-08-15,SKU-016,OUT,10,SALES/ISSUE
MV-01314,2026-08-15,SKU-022,OUT,2,SALES/ISSUE
MV-01315,2026-08-15,SKU-024,OUT,20,SALES/ISSUE
MV-01316,2026-08-17,SKU-003,IN,132,PO-003-260810
MV-01317,2026-08-17,SKU-013,IN,26,PO-013-260803
MV-01318,2026-08-17,SKU-018,IN,110,PO-018-260803
MV-01319,2026-08-19,SKU-006,OUT,12,SALES/ISSUE
MV-01320,2026-08-19,SKU-008,IN,44,PO-008-260803
MV-01321,2026-08-19,SKU-008,OUT,10,SALES/ISSUE
MV-01322,2026-08-19,SKU-018,OUT,17,SALES/ISSUE
MV-01323,2026-08-20,SKU-001,OUT,519,SALES/ISSUE
MV-01324,2026-08-20,SKU-007,OUT,11,SALES/ISSUE
MV-01325,2026-08-20,SKU-009,OUT,6,SALES/ISSUE
MV-01326,2026-08-20,SKU-014,OUT,36,SALES/ISSUE
MV-01327,2026-08-20,SKU-015,OUT,5,SALES/ISSUE
MV-01328,2026-08-20,SKU-022,OUT,2,SALES/ISSUE
MV-01329,2026-08-21,SKU-003,OUT,126,SALES/ISSUE
MV-01330,2026-08-21,SKU-004,OUT,202,SALES/ISSUE
MV-01331,2026-08-21,SKU-005,OUT,26,SALES/ISSUE
MV-01332,2026-08-21,SKU-010,OUT,4,SALES/ISSUE
MV-01333,2026-08-21,SKU-013,OUT,6,SALES/ISSUE
MV-01334,2026-08-21,SKU-016,OUT,7,SALES/ISSUE
MV-01335,2026-08-21,SKU-017,OUT,48,SALES/ISSUE
MV-01336,2026-08-21,SKU-019,OUT,31,SALES/ISSUE
MV-01337,2026-08-21,SKU-020,OUT,73,SALES/ISSUE
MV-01338,2026-08-21,SKU-023,OUT,10,SALES/ISSUE
MV-01339,2026-08-22,SKU-002,OUT,669,SALES/ISSUE
MV-01340,2026-08-22,SKU-011,OUT,230,SALES/ISSUE
MV-01341,2026-08-22,SKU-012,OUT,8,SALES/ISSUE
MV-01342,2026-08-22,SKU-024,OUT,20,SALES/ISSUE
MV-01343,2026-08-24,SKU-002,IN,1100,PO-002-260817
MV-01344,2026-08-24,SKU-007,IN,52,PO-007-260810
MV-01345,2026-08-24,SKU-009,IN,26,PO-009-260810
MV-01346,2026-08-24,SKU-016,IN,35,PO-016-260810
MV-01347,2026-08-25,SKU-015,IN,39,PO-015-260810
MV-01348,2026-08-26,SKU-003,IN,132,PO-003-260817
MV-01349,2026-08-26,SKU-004,OUT,261,SALES/ISSUE
MV-01350,2026-08-26,SKU-005,OUT,21,SALES/ISSUE
MV-01351,2026-08-26,SKU-013,OUT,5,SALES/ISSUE
MV-01352,2026-08-26,SKU-015,OUT,5,SALES/ISSUE
MV-01353,2026-08-26,SKU-024,IN,88,PO-024-260810
MV-01354,2026-08-27,SKU-006,OUT,11,SALES/ISSUE
MV-01355,2026-08-27,SKU-011,OUT,221,SALES/ISSUE
MV-01356,2026-08-27,SKU-012,OUT,9,SALES/ISSUE
MV-01357,2026-08-27,SKU-016,OUT,8,SALES/ISSUE
MV-01358,2026-08-27,SKU-018,OUT,19,SALES/ISSUE
MV-01359,2026-08-27,SKU-020,OUT,77,SALES/ISSUE
MV-01360,2026-08-28,SKU-001,OUT,455,SALES/ISSUE
MV-01361,2026-08-28,SKU-002,OUT,678,SALES/ISSUE
MV-01362,2026-08-28,SKU-008,OUT,10,SALES/ISSUE
MV-01363,2026-08-28,SKU-009,OUT,6,SALES/ISSUE
MV-01364,2026-08-28,SKU-010,OUT,5,SALES/ISSUE
MV-01365,2026-08-28,SKU-014,OUT,45,SALES/ISSUE
MV-01366,2026-08-28,SKU-019,OUT,31,SALES/ISSUE
MV-01367,2026-08-28,SKU-024,OUT,18,SALES/ISSUE
MV-01368,2026-08-29,SKU-003,OUT,122,SALES/ISSUE
MV-01369,2026-08-29,SKU-007,OUT,14,SALES/ISSUE
MV-01370,2026-08-29,SKU-017,OUT,48,SALES/ISSUE
MV-01371,2026-08-29,SKU-023,OUT,13,SALES/ISSUE
MV-01372,2026-08-31,SKU-006,IN,61,PO-006-260817
MV-01373,2026-08-31,SKU-010,IN,22,PO-010-260817
MV-01374,2026-08-31,SKU-020,IN,352,PO-020-260817
MV-01375,2026-09-01,SKU-011,IN,726,PO-011-260824
MV-01376,2026-09-02,SKU-004,IN,1100,PO-004-260824
MV-01377,2026-09-02,SKU-005,OUT,24,SALES/ISSUE
MV-01378,2026-09-02,SKU-011,OUT,231,SALES/ISSUE
MV-01379,2026-09-02,SKU-014,OUT,46,SALES/ISSUE
MV-01380,2026-09-02,SKU-017,IN,242,PO-017-260817
MV-01381,2026-09-02,SKU-021,OUT,1,SALES/ISSUE
MV-01382,2026-09-03,SKU-002,OUT,601,SALES/ISSUE
MV-01383,2026-09-03,SKU-003,OUT,120,SALES/ISSUE
MV-01384,2026-09-03,SKU-004,OUT,232,SALES/ISSUE
MV-01385,2026-09-03,SKU-006,OUT,10,SALES/ISSUE
MV-01386,2026-09-03,SKU-007,OUT,16,SALES/ISSUE
MV-01387,2026-09-03,SKU-009,OUT,6,SALES/ISSUE
MV-01388,2026-09-03,SKU-016,OUT,7,SALES/ISSUE
MV-01389,2026-09-03,SKU-019,OUT,30,SALES/ISSUE
MV-01390,2026-09-03,SKU-020,OUT,70,SALES/ISSUE
MV-01391,2026-09-04,SKU-008,OUT,9,SALES/ISSUE
MV-01392,2026-09-04,SKU-010,OUT,8,SALES/ISSUE
MV-01393,2026-09-04,SKU-017,OUT,47,SALES/ISSUE
MV-01394,2026-09-04,SKU-022,OUT,2,SALES/ISSUE
MV-01395,2026-09-04,SKU-023,OUT,12,SALES/ISSUE
MV-01396,2026-09-04,SKU-024,OUT,19,SALES/ISSUE
MV-01397,2026-09-05,SKU-001,OUT,516,SALES/ISSUE
MV-01398,2026-09-05,SKU-012,OUT,7,SALES/ISSUE
MV-01399,2026-09-05,SKU-013,OUT,5,SALES/ISSUE
MV-01400,2026-09-05,SKU-015,OUT,6,SALES/ISSUE
MV-01401,2026-09-05,SKU-018,OUT,13,SALES/ISSUE
MV-01402,2026-09-08,SKU-001,IN,2640,PO-001-260831
MV-01403,2026-09-08,SKU-014,IN,198,PO-014-260824
MV-01404,2026-09-09,SKU-002,IN,1100,PO-002-260831
MV-01405,2026-09-09,SKU-003,IN,132,PO-003-260831
MV-01406,2026-09-09,SKU-012,IN,35,PO-012-260824
MV-01407,2026-09-09,SKU-018,OUT,17,SALES/ISSUE
MV-01408,2026-09-09,SKU-023,OUT,12,SALES/ISSUE
MV-01409,2026-09-10,SKU-001,OUT,506,SALES/ISSUE
MV-01410,2026-09-10,SKU-002,OUT,567,SALES/ISSUE
MV-01411,2026-09-10,SKU-005,OUT,19,SALES/ISSUE
MV-01412,2026-09-10,SKU-007,OUT,15,SALES/ISSUE
MV-01413,2026-09-10,SKU-008,OUT,10,SALES/ISSUE
MV-01414,2026-09-10,SKU-014,OUT,37,SALES/ISSUE
MV-01415,2026-09-10,SKU-015,OUT,6,SALES/ISSUE
MV-01416,2026-09-10,SKU-021,OUT,1,SALES/ISSUE
MV-01417,2026-09-10,SKU-022,OUT,3,SALES/ISSUE
MV-01418,2026-09-11,SKU-004,OUT,274,SALES/ISSUE
MV-01419,2026-09-11,SKU-009,OUT,6,SALES/ISSUE
MV-01420,2026-09-11,SKU-010,OUT,4,SALES/ISSUE
MV-01421,2026-09-11,SKU-013,OUT,7,SALES/ISSUE
MV-01422,2026-09-11,SKU-020,OUT,91,SALES/ISSUE
MV-01423,2026-09-11,SKU-024,OUT,18,SALES/ISSUE
MV-01424,2026-09-12,SKU-003,OUT,109,SALES/ISSUE
MV-01425,2026-09-12,SKU-006,OUT,13,SALES/ISSUE
MV-01426,2026-09-12,SKU-011,OUT,250,SALES/ISSUE
MV-01427,2026-09-12,SKU-012,OUT,6,SALES/ISSUE
MV-01428,2026-09-12,SKU-016,OUT,10,SALES/ISSUE
MV-01429,2026-09-12,SKU-017,OUT,39,SALES/ISSUE
MV-01430,2026-09-12,SKU-019,OUT,35,SALES/ISSUE
MV-01431,2026-09-14,SKU-002,IN,1100,PO-002-260907
MV-01432,2026-09-15,SKU-003,IN,132,PO-003-260907
MV-01433,2026-09-16,SKU-002,OUT,584,SALES/ISSUE
MV-01434,2026-09-16,SKU-003,OUT,118,SALES/ISSUE
MV-01435,2026-09-16,SKU-005,OUT,23,SALES/ISSUE
MV-01436,2026-09-16,SKU-006,OUT,9,SALES/ISSUE
MV-01437,2026-09-16,SKU-008,IN,44,PO-008-260831
MV-01438,2026-09-16,SKU-016,OUT,8,SALES/ISSUE
MV-01439,2026-09-16,SKU-019,IN,132,PO-019-260831
MV-01440,2026-09-17,SKU-001,OUT,441,SALES/ISSUE
MV-01441,2026-09-17,SKU-004,OUT,256,SALES/ISSUE
MV-01442,2026-09-17,SKU-009,OUT,6,SALES/ISSUE
MV-01443,2026-09-17,SKU-018,OUT,15,SALES/ISSUE
MV-01444,2026-09-17,SKU-020,OUT,73,SALES/ISSUE
MV-01445,2026-09-18,SKU-010,OUT,5,SALES/ISSUE
MV-01446,2026-09-18,SKU-012,OUT,8,SALES/ISSUE
MV-01447,2026-09-18,SKU-013,OUT,6,SALES/ISSUE
MV-01448,2026-09-18,SKU-014,OUT,40,SALES/ISSUE
MV-01449,2026-09-18,SKU-017,OUT,39,SALES/ISSUE
MV-01450,2026-09-18,SKU-022,OUT,1,SALES/ISSUE
MV-01451,2026-09-18,SKU-023,OUT,10,SALES/ISSUE
MV-01452,2026-09-18,SKU-024,OUT,18,SALES/ISSUE
MV-01453,2026-09-19,SKU-007,OUT,16,SALES/ISSUE
MV-01454,2026-09-19,SKU-008,OUT,9,SALES/ISSUE
MV-01455,2026-09-19,SKU-011,OUT,228,SALES/ISSUE
MV-01456,2026-09-19,SKU-015,OUT,5,SALES/ISSUE
MV-01457,2026-09-19,SKU-019,OUT,95,SALES/ISSUE
MV-01458,2026-09-21,SKU-003,IN,840,PO-003-260914
MV-01459,2026-09-21,SKU-007,IN,52,PO-007-260907
MV-01460,2026-09-21,SKU-013,IN,26,PO-013-260907
MV-01461,2026-09-22,SKU-011,IN,726,PO-011-260914
MV-01462,2026-09-23,SKU-001,OUT,458,SALES/ISSUE
MV-01463,2026-09-23,SKU-003,OUT,142,SALES/ISSUE
MV-01464,2026-09-23,SKU-009,IN,26,PO-009-260907
MV-01465,2026-09-23,SKU-009,OUT,4,SALES/ISSUE
MV-01466,2026-09-23,SKU-016,IN,35,PO-016-260907
MV-01467,2026-09-23,SKU-019,OUT,59,SALES/ISSUE
MV-01468,2026-09-23,SKU-023,OUT,12,SALES/ISSUE
MV-01469,2026-09-23,SKU-024,OUT,20,SALES/ISSUE
MV-01470,2026-09-24,SKU-005,OUT,23,SALES/ISSUE
MV-01471,2026-09-24,SKU-008,OUT,9,SALES/ISSUE
MV-01472,2026-09-24,SKU-013,OUT,7,SALES/ISSUE
MV-01473,2026-09-24,SKU-014,OUT,48,SALES/ISSUE
MV-01474,2026-09-24,SKU-017,OUT,45,SALES/ISSUE
MV-01475,2026-09-24,SKU-018,OUT,16,SALES/ISSUE
MV-01476,2026-09-24,SKU-020,OUT,74,SALES/ISSUE
MV-01477,2026-09-25,SKU-004,OUT,257,SALES/ISSUE
MV-01478,2026-09-25,SKU-011,OUT,189,SALES/ISSUE
MV-01479,2026-09-25,SKU-016,OUT,8,SALES/ISSUE
MV-01480,2026-09-26,SKU-002,OUT,528,SALES/ISSUE
MV-01481,2026-09-26,SKU-006,OUT,12,SALES/ISSUE
MV-01482,2026-09-26,SKU-007,OUT,17,SALES/ISSUE
MV-01483,2026-09-26,SKU-010,OUT,4,SALES/ISSUE
MV-01484,2026-09-26,SKU-012,OUT,7,SALES/ISSUE
MV-01485,2026-09-26,SKU-015,OUT,5,SALES/ISSUE
MV-01486,2026-09-26,SKU-022,OUT,2,SALES/ISSUE
MV-01487,2026-09-28,SKU-004,IN,1100,PO-004-260921
MV-01488,2026-09-28,SKU-010,IN,22,PO-010-260914
MV-01489,2026-09-28,SKU-018,IN,110,PO-018-260914
MV-01490,2026-09-28,SKU-019,IN,132,PO-019-260914
MV-01491,2026-09-30,SKU-008,OUT,10,SALES/ISSUE
MV-01492,2026-09-30,SKU-010,OUT,5,SALES/ISSUE
MV-01493,2026-09-30,SKU-012,OUT,8,SALES/ISSUE
MV-01494,2026-09-30,SKU-013,OUT,6,SALES/ISSUE
MV-01495,2026-09-30,SKU-014,OUT,37,SALES/ISSUE
MV-01496,2026-09-30,SKU-019,OUT,92,SALES/ISSUE
MV-01497,2026-09-30,SKU-023,OUT,11,SALES/ISSUE
MV-01498,2026-09-30,SKU-024,IN,88,PO-024-260914
MV-01499,2026-10-01,SKU-003,OUT,125,SALES/ISSUE
MV-01500,2026-10-01,SKU-009,OUT,7,SALES/ISSUE
MV-01501,2026-10-01,SKU-022,OUT,3,SALES/ISSUE
MV-01502,2026-10-02,SKU-001,OUT,411,SALES/ISSUE
MV-01503,2026-10-02,SKU-004,OUT,224,SALES/ISSUE
MV-01504,2026-10-02,SKU-006,OUT,10,SALES/ISSUE
MV-01505,2026-10-02,SKU-007,OUT,14,SALES/ISSUE
MV-01506,2026-10-03,SKU-002,OUT,635,SALES/ISSUE
MV-01507,2026-10-03,SKU-005,OUT,23,SALES/ISSUE
MV-01508,2026-10-03,SKU-011,OUT,217,SALES/ISSUE
MV-01509,2026-10-03,SKU-015,OUT,5,SALES/ISSUE
MV-01510,2026-10-03,SKU-016,OUT,7,SALES/ISSUE
MV-01511,2026-10-03,SKU-017,OUT,43,SALES/ISSUE
MV-01512,2026-10-03,SKU-018,OUT,14,SALES/ISSUE
MV-01513,2026-10-03,SKU-020,OUT,82,SALES/ISSUE
MV-01514,2026-10-03,SKU-024,OUT,20,SALES/ISSUE
